asn,asn_name,asn_org,attacks,unique_ips,max_risk_score,risk_level,risk_reasons,tor_exit_ips,spamhaus_drop_hits,spamhaus_asndrop,bph_flag,bph_label,bph_confidence
AS197170,TECHTIES-AS,TechTies Inc.,81322,35,55,medium,repeated_attacks_ge_10;repeated_attacks_ge_5;spamhaus_drop_match,0,24,False,False,,
AS213790,,,16686,5,55,medium,repeated_attacks_ge_10;spamhaus_drop_match,0,5,False,False,,
AS208137,FPS12,Aneta Kovarova,15166,8,55,medium,repeated_attacks_ge_10;spamhaus_drop_match,0,8,False,False,,
AS47890,UNMANAGED-DEDICATED-SERVERS,UNMANAGED LTD,13808,19,55,medium,repeated_attacks_ge_10;spamhaus_drop_match,0,17,False,False,,
AS48090,DMZHOST,AD-Tech,12585,17,55,medium,repeated_attacks_ge_10;spamhaus_drop_match,0,17,False,False,,
AS215925,VPSVAULTHOST,Administration,7570,24,55,medium,repeated_attacks_ge_10;repeated_attacks_ge_5;spamhaus_drop_match,0,1,False,False,,
AS135377,,,3210,36,55,medium,repeated_attacks_ge_10;repeated_attacks_ge_2;repeated_attacks_ge_5;spamhaus_drop_match,0,3,False,False,,
AS202412,,,2341,4,55,medium,repeated_attacks_ge_10;spamhaus_drop_match,0,4,False,False,,
AS213388,,,1575,6,55,medium,repeated_attacks_ge_10;spamhaus_drop_match,0,6,False,False,,
AS219502,STORMCLOUD-AS,Storm Industries LLC,1432,25,55,medium,repeated_attacks_ge_10;repeated_attacks_ge_2;repeated_attacks_ge_5;spamhaus_drop_match,0,25,False,False,,
AS204428,,,1066,5,55,medium,repeated_attacks_ge_10;spamhaus_drop_match,0,5,False,False,,
AS51396,,,970,11,55,medium,repeated_attacks_ge_10;repeated_attacks_ge_5;spamhaus_drop_match,0,11,False,False,,
AS207812,DM_AUTO,MNT-LIR-BG,324,5,55,medium,repeated_attacks_ge_10;spamhaus_drop_match,0,5,False,False,,
AS401626,,,276,20,55,medium,repeated_attacks_ge_10;repeated_attacks_ge_2;repeated_attacks_ge_5;spamhaus_drop_match,0,20,False,False,,
AS205759,GHOSTYNETWORKS,Administration,195,13,55,medium,repeated_attacks_ge_10;repeated_attacks_ge_5;spamhaus_drop_match,0,13,False,False,,
AS215930,,,148,3,55,medium,repeated_attacks_ge_10;spamhaus_drop_match,0,3,False,False,,
AS211736,FDN3,Dmytro Nedilskyi,63,3,55,medium,repeated_attacks_ge_10;spamhaus_drop_match,0,3,False,False,,
AS197769,,,61,1,55,medium,repeated_attacks_ge_10;spamhaus_drop_match,0,1,False,False,,
AS198953,proton66,lir-ru-proton66-1-MNT,43,2,55,medium,repeated_attacks_ge_10;spamhaus_drop_match,0,2,False,False,,
AS210006,ASKZ,admin-c,43,2,55,medium,repeated_attacks_ge_10;repeated_attacks_ge_5;spamhaus_drop_match,0,2,False,False,,
AS210558,services-1337-gmbh,lir-de-1337services-1-MNT,24,2,55,medium,repeated_attacks_ge_10;repeated_attacks_ge_5;spamhaus_drop_match,0,2,False,False,,
AS14987,RETHEMHOSTING,Rethem Hosting LLC,20,2,55,medium,repeated_attacks_ge_10;repeated_attacks_ge_5;spamhaus_drop_match,0,2,False,False,,
AS19318,,,54,5,50,medium,repeated_attacks_ge_10;repeated_attacks_ge_2;repeated_attacks_ge_5;spamhaus_drop_match,0,1,False,False,,
AS209605,,,21,4,50,medium,repeated_attacks_ge_2;repeated_attacks_ge_5;spamhaus_drop_match,0,4,False,False,,
AS209373,,,8,1,50,medium,repeated_attacks_ge_5;spamhaus_drop_match,0,1,False,False,,
AS209946,ALINDA-AS,ALINDA-MNT,7,1,50,medium,repeated_attacks_ge_5;spamhaus_drop_match,0,1,False,False,,
AS402253,SKN-NETWORK-1,SKN Subnet & Telecom Ltd,5,1,50,medium,repeated_attacks_ge_5;spamhaus_drop_match,0,1,False,False,,
AS201814,,,187039,13,25,low,repeated_attacks_ge_10;repeated_attacks_ge_5,0,0,False,False,,
AS17426,,,135833,1,25,low,repeated_attacks_ge_10,0,0,False,False,,
AS4134,CHINANET-BACKBONE,Chinanet Hostmaster,98221,404,25,low,repeated_attacks_ge_10;repeated_attacks_ge_2;repeated_attacks_ge_5,0,0,False,False,,
AS24940,HETZNER-AS,Hetzner Online GmbH - Contact Role,82771,10,25,low,repeated_attacks_ge_10,0,0,False,False,,
AS26277,,,43973,1,25,low,repeated_attacks_ge_10,0,0,False,False,,
AS42455,Wi-Manx-AS,ELITE GROUP.IM LIMITED,43230,2,25,low,repeated_attacks_ge_10,0,0,False,False,,
AS267784,,,35364,1,25,low,repeated_attacks_ge_10,0,0,False,False,,
AS51985,ADENIS-AS,Ahilan THANGAVADIVEL,31906,1,25,low,repeated_attacks_ge_10,0,0,False,False,,
AS17557,PKTELECOM-AS-PK,Munir Ahmed,29296,6,25,low,repeated_attacks_ge_10;repeated_attacks_ge_5,0,0,False,False,,
AS16276,,,29081,37,25,low,repeated_attacks_ge_10;repeated_attacks_ge_5,0,0,False,False,,
AS40676,,,25523,1,25,low,repeated_attacks_ge_10,0,0,False,False,,
AS55990,HWCSNET,IRT-CNNIC-CN,23436,1,25,low,repeated_attacks_ge_10,0,0,False,False,,
AS6878,AS6878,Dirk Aschhoff,19497,1,25,low,repeated_attacks_ge_10,0,0,False,False,,
AS29802,,,15160,4,25,low,repeated_attacks_ge_10;repeated_attacks_ge_5,0,0,False,False,,
AS396982,GOOGLE-CLOUD-PLATFORM,Google LLC,12659,322,25,low,repeated_attacks_ge_10;repeated_attacks_ge_2;repeated_attacks_ge_5,0,0,False,False,,
AS4837,CHINA169-Backbone,IRT-CU-CN,11789,499,25,low,repeated_attacks_ge_10;repeated_attacks_ge_2;repeated_attacks_ge_5,0,0,False,False,,
AS17639,CONVERGE-AS,Reyniel Reign Boniel,11007,3,25,low,repeated_attacks_ge_10;repeated_attacks_ge_5,0,0,False,False,,
AS51852,,,10543,2,25,low,repeated_attacks_ge_10,0,0,False,False,,
AS152979,VIETSERVICE-VN,IRT-VNNIC-AP,7579,17,25,low,repeated_attacks_ge_10,0,0,False,False,,
AS8452,,,7385,4,25,low,repeated_attacks_ge_10;repeated_attacks_ge_5,0,0,False,False,,
AS38365,Baidu,Supeng Deng,7108,10,25,low,repeated_attacks_ge_10;repeated_attacks_ge_5,0,0,False,False,,
AS4760,HKTIMS-AP,IRT-HKTIMS-HK,5819,3,25,low,repeated_attacks_ge_10;repeated_attacks_ge_5,0,0,False,False,,
AS209630,KREDIT-AS,Garbuz Vadim,5118,11,25,low,repeated_attacks_ge_10;repeated_attacks_ge_5,0,0,False,False,,
AS16509,,,4618,67,25,low,repeated_attacks_ge_10;repeated_attacks_ge_2;repeated_attacks_ge_5,0,0,False,False,,
AS14061,DIGITALOCEAN-ASN,"DigitalOcean, LLC",4531,106,25,low,repeated_attacks_ge_10;repeated_attacks_ge_2;repeated_attacks_ge_5,0,0,False,False,,
AS7552,,,4429,10,25,low,repeated_attacks_ge_10;repeated_attacks_ge_5,0,0,False,False,,
AS45899,VNPT-AS-VN,IRT-VNNIC-AP,3936,9,25,low,repeated_attacks_ge_10;repeated_attacks_ge_5,0,0,False,False,,
AS56046,CMNET-Jiangsu-AP,haijun li,3779,9,25,low,repeated_attacks_ge_10;repeated_attacks_ge_5,0,0,False,False,,
AS398324,,,3611,130,25,low,repeated_attacks_ge_10;repeated_attacks_ge_2;repeated_attacks_ge_5,0,0,False,False,,
AS14956,,,3463,8,25,low,repeated_attacks_ge_10;repeated_attacks_ge_5,0,0,False,False,,
AS26496,,,3214,6,25,low,repeated_attacks_ge_10;repeated_attacks_ge_5,0,0,False,False,,
AS9808,,,3056,63,25,low,repeated_attacks_ge_10;repeated_attacks_ge_5,0,0,False,False,,
AS63949,AKAMAI-LINODE-AP,LINODE LLC - network administrator,2864,83,25,low,repeated_attacks_ge_10;repeated_attacks_ge_2;repeated_attacks_ge_5,0,0,False,False,,
AS45634,,,2663,1,25,low,repeated_attacks_ge_10,0,0,False,False,,
AS8075,,,2621,123,25,low,repeated_attacks_ge_10;repeated_attacks_ge_2;repeated_attacks_ge_5,0,0,False,False,,
UNKNOWN,,,2549,14,25,low,repeated_attacks_ge_10;repeated_attacks_ge_2;repeated_attacks_ge_5,0,0,False,False,,
AS6939,HURRICANE,Hurricane Electric LLC,2513,190,25,low,repeated_attacks_ge_10;repeated_attacks_ge_2;repeated_attacks_ge_5,0,0,False,False,,
AS25369,BANDWIDTH-AS,HYDRA-MNT,2420,179,25,low,repeated_attacks_ge_10;repeated_attacks_ge_2;repeated_attacks_ge_5,0,0,False,False,,
AS209334,MODAT-01,lir-nl-modat-1-MNT,2245,85,25,low,repeated_attacks_ge_10;repeated_attacks_ge_2;repeated_attacks_ge_5,0,0,False,False,,
AS132203,,,2091,9,25,low,repeated_attacks_ge_10,0,0,False,False,,
AS17488,HATHWAY-NET-AP,HATHWAY CABLE AND DATACOM LIMITED,2054,2,25,low,repeated_attacks_ge_10;repeated_attacks_ge_5,0,0,False,False,,
AS9541,CYBERNET-AP,Cyber Internet Services (Private) Limited,2027,27,25,low,repeated_attacks_ge_10;repeated_attacks_ge_5,0,0,False,False,,
AS211298,DRIFTNET,Driftnet Hostmaster,1957,161,25,low,repeated_attacks_ge_10;repeated_attacks_ge_2;repeated_attacks_ge_5,0,0,False,False,,
AS49581,TUBE-HOSTING,FZ-IP-MNT,1934,2,25,low,repeated_attacks_ge_10,0,0,False,False,,
AS24560,,,1793,6,25,low,repeated_attacks_ge_10;repeated_attacks_ge_5,0,0,False,False,,
AS396073,MAJESTIC-HOSTING-01,"Majestic Hosting Solutions, LLC",1734,2,25,low,repeated_attacks_ge_10,0,0,False,False,,
AS262210,262210,VIETTEL PERÚ S.A.C.,1699,1,25,low,repeated_attacks_ge_10,0,0,False,False,,
AS397373,H4Y-TECHNOLOGIES,H4Y Technologies LLC,1628,2,25,low,repeated_attacks_ge_10,0,0,False,False,,
AS31898,ORACLE-BMC-31898,Oracle Corporation,1602,3,25,low,repeated_attacks_ge_10;repeated_attacks_ge_5,0,0,False,False,,
AS212477,ROYALE-AS,RoyaleHosting BV,1600,2,25,low,repeated_attacks_ge_10,0,0,False,False,,
AS51167,CONTABO,Johannes Selg,1593,16,25,low,repeated_attacks_ge_10;repeated_attacks_ge_5,0,0,False,False,,
AS135089,CHINANET-Guangzhou-Southbase-IDC,APNIC Hostmaster,1516,2,25,low,repeated_attacks_ge_10,0,0,False,False,,
AS201094,gmhost,Alexander Mulgin,1481,1,25,low,repeated_attacks_ge_10,0,0,False,False,,
AS7303,7303,Telecom Argentina S.A.,1479,30,25,low,repeated_attacks_ge_10;repeated_attacks_ge_2;repeated_attacks_ge_5,0,0,False,False,,
AS24086,VIETTEL-AS-VN,IRT-VNNIC-AP,1418,5,25,low,repeated_attacks_ge_10;repeated_attacks_ge_5,0,0,False,False,,
AS141679,CHINATELECOM-IDC-BTHBD-AP,Chinanet Hostmaster,1409,2,25,low,repeated_attacks_ge_10,0,0,False,False,,
AS18209,CABLELITE-AS-AP,IRT-CABLELITE-IN,1321,3,25,low,repeated_attacks_ge_10;repeated_attacks_ge_5,0,0,False,False,,
AS49683,,,1319,20,25,low,repeated_attacks_ge_10;repeated_attacks_ge_5,0,0,False,False,,
AS58678,INTECHONLINE-IN,INTECH ONLINE PRIVATE LIMITED - network administra,1247,2,25,low,repeated_attacks_ge_10,0,0,False,False,,
AS398101,,,1191,4,25,low,repeated_attacks_ge_10;repeated_attacks_ge_5,0,0,False,False,,
AS4812,,,1167,8,25,low,repeated_attacks_ge_10;repeated_attacks_ge_5,0,0,False,False,,
AS23650,CHINANET-Jiangsu-Province-IDC,China Telecom,1130,1,25,low,repeated_attacks_ge_10,0,0,False,False,,
AS329184,ORG-CTML1-AFRINIC,Ivan Loginovskikh,1103,1,25,low,repeated_attacks_ge_10,0,0,False,False,,
AS142403,YISUCLOUDLTD-HK,IRT-YISUCLOUDLTD-HK,1100,3,25,low,repeated_attacks_ge_10,0,0,False,False,,
AS54801,,,992,1,25,low,repeated_attacks_ge_10,0,0,False,False,,
AS54913,,,978,1,25,low,repeated_attacks_ge_10,0,0,False,False,,
AS38244,VINAGAME-AS-VN,Vo Dai Chuyen,938,1,25,low,repeated_attacks_ge_10,0,0,False,False,,
AS137266,,,927,18,25,low,repeated_attacks_ge_10;repeated_attacks_ge_2;repeated_attacks_ge_5,0,0,False,False,,
AS198364,BANATSYNC-SRL,admin,899,4,25,low,repeated_attacks_ge_10;repeated_attacks_ge_5,0,0,False,False,,
AS151858,INTERDIGI-VN,IRT-VNNIC-AP,862,4,25,low,repeated_attacks_ge_10;repeated_attacks_ge_5,0,0,False,False,,
AS12586,,,823,1,25,low,repeated_attacks_ge_10,0,0,False,False,,
AS59257,CMPAKLIMITED-AS-AP,CMPak Limited,807,5,25,low,repeated_attacks_ge_10,0,0,False,False,,
AS58519,,,803,3,25,low,repeated_attacks_ge_10;repeated_attacks_ge_5,0,0,False,False,,
AS135905,,,793,11,25,low,repeated_attacks_ge_10,0,0,False,False,,
AS135918,DVS-AS-VN,IRT-VNNIC-AP,783,1,25,low,repeated_attacks_ge_10,0,0,False,False,,
AS44094,,,783,1,25,low,repeated_attacks_ge_10,0,0,False,False,,
AS12876,AS12876,MNT-TISCALIFR,778,16,25,low,repeated_attacks_ge_10;repeated_attacks_ge_2;repeated_attacks_ge_5,0,0,False,False,,
AS135407,TES-PL-AS-AP,Trans World Enterprise Services Private Limited,773,3,25,low,repeated_attacks_ge_10,0,0,False,False,,
AS211680,AS-BITSIGHT,Data Operations,772,29,25,low,repeated_attacks_ge_10;repeated_attacks_ge_5,0,0,False,False,,
AS213412,ONYPHE,Admin,759,73,25,low,repeated_attacks_ge_10;repeated_attacks_ge_2;repeated_attacks_ge_5,0,0,False,False,,
AS327724,ORG-NITA1-AFRINIC,Michael Ginyera,751,1,25,low,repeated_attacks_ge_10,0,0,False,False,,
AS9387,SHARPTEL-AS-AP,SHARP TELECOM (PRIVATE) LIMITED,751,1,25,low,repeated_attacks_ge_10,0,0,False,False,,
AS29614,ORG-GTCL1-AFRINIC,Michael Komla Nfodzo,745,1,25,low,repeated_attacks_ge_10,0,0,False,False,,
AS8560,IONOS-AS,AS8560-MNT,744,5,25,low,repeated_attacks_ge_10;repeated_attacks_ge_2,0,0,False,False,,
AS133551,ORIGINNET-AS-AP,IRT-ORIGINNET-PK,723,1,25,low,repeated_attacks_ge_10,0,0,False,False,,
AS3816,,,693,10,25,low,repeated_attacks_ge_10;repeated_attacks_ge_5,0,0,False,False,,
AS22927,22927,Telefonica de Argentina,692,38,25,low,repeated_attacks_ge_10;repeated_attacks_ge_5,0,0,False,False,,
AS20473,AS-VULTR,"The Constant Company, LLC",692,5,25,low,repeated_attacks_ge_10,0,0,False,False,,
AS147176,NNECL-AS-AP,NZ Network Enterprise Co Ltd administrator,684,1,25,low,repeated_attacks_ge_10,0,0,False,False,,
AS3462,,,683,94,25,low,repeated_attacks_ge_10;repeated_attacks_ge_2;repeated_attacks_ge_5,0,0,False,False,,
AS50923,METRO-SET-AS,METRO-SET-MNT,676,1,25,low,repeated_attacks_ge_10,0,0,False,False,,
AS49870,AS49870-BV,AS49870 B.V.,666,4,25,low,repeated_attacks_ge_10;repeated_attacks_ge_2;repeated_attacks_ge_5,0,0,False,False,,
AS139952,TRIDATA-AS-ID,IRT-TRIDATA-ID,652,1,25,low,repeated_attacks_ge_10,0,0,False,False,,
AS28267,ASN28267,SIM INTERNET PROVEDORES DE INTERNET EIRELI.,641,3,25,low,repeated_attacks_ge_10;repeated_attacks_ge_5,0,0,False,False,,
AS206264,AMARUTU-TECHNOLOGY,Amarutu Technology Ltd,631,5,25,low,repeated_attacks_ge_10,0,0,False,False,,
AS58461,CT-HangZhou-IDC,Chinanet Hostmaster,624,4,25,low,repeated_attacks_ge_10;repeated_attacks_ge_5,0,0,False,False,,
AS399629,BLNWX,BL Networks,620,1,25,low,repeated_attacks_ge_10,0,0,False,False,,
AS34525,KOBA-AS,AS34525-MNT,613,1,25,low,repeated_attacks_ge_10,0,0,False,False,,
AS268624,,,593,3,25,low,repeated_attacks_ge_10,0,0,False,False,,
AS25620,25620,COTAS LTDA.,588,1,25,low,repeated_attacks_ge_10,0,0,False,False,,
AS17465,ASIANET,IRT-ASIANET-IN,580,1,25,low,repeated_attacks_ge_10,0,0,False,False,,
AS14618,AMAZON-AES,"Amazon.com, Inc.",577,40,25,low,repeated_attacks_ge_10;repeated_attacks_ge_2;repeated_attacks_ge_5,0,0,False,False,,
AS45102,ALIBABA-CN-NET,security trouble,570,32,25,low,repeated_attacks_ge_10;repeated_attacks_ge_2;repeated_attacks_ge_5,0,0,False,False,,
AS60068,,,532,2,25,low,repeated_attacks_ge_10;repeated_attacks_ge_5,0,0,False,False,,
AS398722,,,496,18,25,low,repeated_attacks_ge_10;repeated_attacks_ge_2;repeated_attacks_ge_5,0,0,False,False,,
AS56044,CMNET-AS-Liaoning,haijun li,492,9,25,low,repeated_attacks_ge_10;repeated_attacks_ge_5,0,0,False,False,,
AS398705,CENSYS-ARIN-02,"Censys, Inc.",485,17,25,low,repeated_attacks_ge_10;repeated_attacks_ge_2;repeated_attacks_ge_5,0,0,False,False,,
AS401696,COGNETCLOUD,cognetcloud INC,476,1,25,low,repeated_attacks_ge_10,0,0,False,False,,
AS141995,CAPL-AS-AP,Contabo Asia Private Limited,464,4,25,low,repeated_attacks_ge_10,0,0,False,False,,
AS24835,ORG-RT2-AFRINIC,Vodafone Egypt,464,4,25,low,repeated_attacks_ge_10,0,0,False,False,,
AS202425,,,450,10,25,low,repeated_attacks_ge_10;repeated_attacks_ge_5,0,0,False,False,,
AS4766,KIXS-AS-KR-KR,AS Manager,436,26,25,low,repeated_attacks_ge_10;repeated_attacks_ge_5,0,0,False,False,,
AS27747,27747,Telecentro S.A.,430,29,25,low,repeated_attacks_ge_10;repeated_attacks_ge_5,0,0,False,False,,
AS38264,WATEEN-IMS-PK-AS-AP,Wateen Telecom Limited,413,5,25,low,repeated_attacks_ge_10;repeated_attacks_ge_5,0,0,False,False,,
AS40021,CONTABO-40021,Contabo Inc.,409,3,25,low,repeated_attacks_ge_10,0,0,False,False,,
AS132165,CONNECT-AS-AP,IRT-CONNECT-PK,404,3,25,low,repeated_attacks_ge_10,0,0,False,False,,
AS401701,COGNETCLOUD-2,cognetcloud INC,390,2,25,low,repeated_attacks_ge_10,0,0,False,False,,
AS36352,AS-COLOCROSSING,HostPapa,385,10,25,low,repeated_attacks_ge_10;repeated_attacks_ge_2;repeated_attacks_ge_5,0,0,False,False,,
AS141342,FIBERISHPVTLTD-AS-AP,FIBERISH (PVT) LTD,384,4,25,low,repeated_attacks_ge_10;repeated_attacks_ge_5,0,0,False,False,,
AS137718,,,377,8,25,low,repeated_attacks_ge_10;repeated_attacks_ge_5,0,0,False,False,,
AS135480,IDNIC-AGTI-AS-ID,AGTINET Administrator,377,1,25,low,repeated_attacks_ge_10,0,0,False,False,,
AS140810,MEGACORE-AS-VN,IRT-VNNIC-AP,354,1,25,low,repeated_attacks_ge_10,0,0,False,False,,
AS30982,ORG-CIet1-AFRINIC,AYIKIDO NOAGBODJI,353,1,25,low,repeated_attacks_ge_10,0,0,False,False,,
AS134762,CHINANET-LIAONING-DALIAN-MAN,Chinanet Hostmaster,341,3,25,low,repeated_attacks_ge_10;repeated_attacks_ge_5,0,0,False,False,,
AS8151,8151,Uninet S.A. de C.V.,340,19,25,low,repeated_attacks_ge_10;repeated_attacks_ge_5,0,0,False,False,,
AS8359,,,339,5,25,low,repeated_attacks_ge_10;repeated_attacks_ge_5,0,0,False,False,,
AS9465,,,330,5,25,low,repeated_attacks_ge_10,0,0,False,False,,
AS45090,TENCENT-NET-AP,Jsquare Wu,329,12,25,low,repeated_attacks_ge_10;repeated_attacks_ge_5,0,0,False,False,,
AS63835,,,327,2,25,low,repeated_attacks_ge_10,0,0,False,False,,
AS397651,SNEAKER-SERVER,"Sneaker Server, LLC",321,1,25,low,repeated_attacks_ge_10,0,0,False,False,,
AS38283,,,318,1,25,low,repeated_attacks_ge_10,0,0,False,False,,
AS27843,27843,ON EMPRESAS S.A.C.,285,1,25,low,repeated_attacks_ge_10,0,0,False,False,,
AS150884,,,284,1,25,low,repeated_attacks_ge_10,0,0,False,False,,
AS12989,BlackHOST,BlackHOST-LTD,283,3,25,low,repeated_attacks_ge_10;repeated_attacks_ge_2,0,0,False,False,,
AS37190,ORG-ATd1-AFRINIC,Atlantique Telecom (Cote d'Ivoire),281,1,25,low,repeated_attacks_ge_10,0,0,False,False,,
AS138126,IDNIC-NEWTON-AS-ID,IRT-NEWTON-ID,280,1,25,low,repeated_attacks_ge_10,0,0,False,False,,
AS153416,DTDMVNCLOUD-VN,Nguyen Thi Trang,271,1,25,low,repeated_attacks_ge_10,0,0,False,False,,
AS12389,ROSTELECOM-AS,PJSC Rostelecom,270,21,25,low,repeated_attacks_ge_10;repeated_attacks_ge_5,0,0,False,False,,
AS24309,CABLELITE-AS-AP,IRT-CABLELITE-IN,269,1,25,low,repeated_attacks_ge_10,0,0,False,False,,
AS18403,FPT-VN,Nguyen Thanh Dat,267,6,25,low,repeated_attacks_ge_10;repeated_attacks_ge_5,0,0,False,False,,
AS32475,SINGLEHOP-LLC,Internap Holding LLC,265,5,25,low,repeated_attacks_ge_10;repeated_attacks_ge_2,0,0,False,False,,
AS212743,,,256,35,25,low,repeated_attacks_ge_10;repeated_attacks_ge_5,0,0,False,False,,
AS3132,,,255,1,25,low,repeated_attacks_ge_10,0,0,False,False,,
AS134489,SBLINKNETWORK-AS-AP,IRT-SBLINKNETWORK-PK,254,1,25,low,repeated_attacks_ge_10,0,0,False,False,,
AS197556,,,245,1,25,low,repeated_attacks_ge_10,0,0,False,False,,
AS209706,magoodsllc,Ammr Alharbi,240,1,25,low,repeated_attacks_ge_10,0,0,False,False,,
AS37963,ALIBABA-CN-NET,security trouble,236,17,25,low,repeated_attacks_ge_10;repeated_attacks_ge_2;repeated_attacks_ge_5,0,0,False,False,,
AS216473,net-host,BASHIN-MNT,228,2,25,low,repeated_attacks_ge_10,0,0,False,False,,
AS26599,,,218,5,25,low,repeated_attacks_ge_10;repeated_attacks_ge_5,0,0,False,False,,
AS24444,CMNET-V4shandong-AS-AP,jie huang,215,38,25,low,repeated_attacks_ge_10;repeated_attacks_ge_5,0,0,False,False,,
AS18881,,,202,7,25,low,repeated_attacks_ge_10;repeated_attacks_ge_5,0,0,False,False,,
AS138423,CMPAKLIMITED-AS-ENTCORP,CMPak Limited,201,1,25,low,repeated_attacks_ge_10,0,0,False,False,,
AS14593,,,199,12,25,low,repeated_attacks_ge_10;repeated_attacks_ge_5,0,0,False,False,,
AS21859,ZEN-ECN,Zenlayer Inc,199,11,25,low,repeated_attacks_ge_10;repeated_attacks_ge_2;repeated_attacks_ge_5,0,0,False,False,,
AS6697,BELPAK-AS,AS6697-MNT,199,4,25,low,repeated_attacks_ge_10,0,0,False,False,,
AS17858,,,198,4,25,low,repeated_attacks_ge_10;repeated_attacks_ge_5,0,0,False,False,,
AS23470,RELIABLESITE,ReliableSite.Net LLC,197,2,25,low,repeated_attacks_ge_10;repeated_attacks_ge_5,0,0,False,False,,
AS136180,IPIP-CN,IRT-IPIP-CN,191,13,25,low,repeated_attacks_ge_10;repeated_attacks_ge_5,0,0,False,False,,
AS50219,VT-255-50219,Valence Technology Co.,186,2,25,low,repeated_attacks_ge_10;repeated_attacks_ge_5,0,0,False,False,,
AS23888,NTC-AS-AP,National Telecommunication Corporation,181,1,25,low,repeated_attacks_ge_10,0,0,False,False,,
AS1100,,,179,1,25,low,repeated_attacks_ge_10,0,0,False,False,,
AS7418,7418,TELEFÓNICA CHILE S.A.,177,13,25,low,repeated_attacks_ge_10;repeated_attacks_ge_5,0,0,False,False,,
AS8193,,,171,15,25,low,repeated_attacks_ge_10;repeated_attacks_ge_5,0,0,False,False,,
AS24547,CMNET-V4HEBEI-AS-AP,"China Mobile Communications Group Co., Ltd",169,22,25,low,repeated_attacks_ge_10;repeated_attacks_ge_5,0,0,False,False,,
AS4811,CHINANET-SHANGHAI-MAN,Wu Xiao Li,165,3,25,low,repeated_attacks_ge_10,0,0,False,False,,
AS150862,MAYTINHVPSTTT-VN,To Thanh Trang,162,1,25,low,repeated_attacks_ge_10,0,0,False,False,,
AS212552,BitCommand,BITADM,160,2,25,low,repeated_attacks_ge_10,0,0,False,False,,
AS61254,ESTOXY-OU,ESTOXY-MNT,160,1,25,low,repeated_attacks_ge_10,0,0,False,False,,
AS11664,,,158,13,25,low,repeated_attacks_ge_10;repeated_attacks_ge_5,0,0,False,False,,
AS7489,HOSTUS-GLOBAL-AS,IRT-HUS-AP,156,2,25,low,repeated_attacks_ge_10;repeated_attacks_ge_5,0,0,False,False,,
AS154383,ZWS-AS-AP,IRT-ZWS-BD,154,1,25,low,repeated_attacks_ge_10,0,0,False,False,,
AS64249,ENDOFFICE,Charles River Operation,150,1,25,low,repeated_attacks_ge_10,0,0,False,False,,
AS4847,,,149,2,25,low,repeated_attacks_ge_10;repeated_attacks_ge_2,0,0,False,False,,
AS26832,RICAWEBSERVICES,Rica Web Services,149,1,25,low,repeated_attacks_ge_10,0,0,False,False,,
AS680,DFN,Christian Grimm,147,2,25,low,repeated_attacks_ge_10,0,0,False,False,,
AS22047,22047,VTR BANDA ANCHA S.A.,142,11,25,low,repeated_attacks_ge_10;repeated_attacks_ge_5,0,0,False,False,,
AS208949,hbing-as,hbing-mnt,142,1,25,low,repeated_attacks_ge_10,0,0,False,False,,
AS9121,TTNet,AS9121-MNT,139,9,25,low,repeated_attacks_ge_10;repeated_attacks_ge_5,0,0,False,False,,
AS701,UUNET,Verizon Business,136,7,25,low,repeated_attacks_ge_10;repeated_attacks_ge_5,0,0,False,False,,
AS42831,UKSERVERS-AS,David Howes,135,1,25,low,repeated_attacks_ge_10,0,0,False,False,,
AS7713,,,133,6,25,low,repeated_attacks_ge_10;repeated_attacks_ge_5,0,0,False,False,,
AS38818,YOKOUNANET-MN-AS-AP,Jazag Lkhagvasuren,133,1,25,low,repeated_attacks_ge_10,0,0,False,False,,
AS141998,,,130,1,25,low,repeated_attacks_ge_10,0,0,False,False,,
AS20052,ARBOR,"Arbor Networks, Inc.",123,15,25,low,repeated_attacks_ge_10;repeated_attacks_ge_2;repeated_attacks_ge_5,0,0,False,False,,
AS7922,COMCAST-7922,"Comcast Cable Communications, LLC",121,6,25,low,repeated_attacks_ge_10;repeated_attacks_ge_5,0,0,False,False,,
AS9009,,,120,14,25,low,repeated_attacks_ge_10;repeated_attacks_ge_5,0,0,False,False,,
AS206996,zap-hosting,Marvin Kluck,120,1,25,low,repeated_attacks_ge_10,0,0,False,False,,
AS400992,,,117,2,25,low,repeated_attacks_ge_10,0,0,False,False,,
AS32,,,116,1,25,low,repeated_attacks_ge_10,0,0,False,False,,
AS61173,GWSN-AS,greenweb1,114,1,25,low,repeated_attacks_ge_10,0,0,False,False,,
AS41608,NextGenWebs-NL,es-nextgenwebs-1-mnt,107,1,25,low,repeated_attacks_ge_10,0,0,False,False,,
AS58224,,,106,18,25,low,repeated_attacks_ge_10;repeated_attacks_ge_2;repeated_attacks_ge_5,0,0,False,False,,
AS10796,,,106,5,25,low,repeated_attacks_ge_10;repeated_attacks_ge_5,0,0,False,False,,
AS50360,TAMATIYA-AS,Tamatiya EOOD,106,3,25,low,repeated_attacks_ge_10;repeated_attacks_ge_5,0,0,False,False,,
AS398493,,,105,2,25,low,repeated_attacks_ge_10,0,0,False,False,,
AS55933,CLOUDIE-AS-AP,Cloudie Limited,104,2,25,low,repeated_attacks_ge_10,0,0,False,False,,
AS20115,CHARTER-20115,Charter Communications LLC,100,5,25,low,repeated_attacks_ge_10;repeated_attacks_ge_5,0,0,False,False,,
AS64236,UNREAL-SERVERS,"UnReal Servers, LLC",99,1,25,low,repeated_attacks_ge_10,0,0,False,False,,
AS10439,CARINET,"CariNet, Inc.",97,6,25,low,repeated_attacks_ge_10;repeated_attacks_ge_2;repeated_attacks_ge_5,0,0,False,False,,
AS141031,,,97,1,25,low,repeated_attacks_ge_10,0,0,False,False,,
AS212238,CDNEXT,DATACAMP-MNT,97,1,25,low,repeated_attacks_ge_10,0,0,False,False,,
AS149440,EVOXTSDNBHD-AS-AP,Evoxt Sdn Bhd administrator,96,1,25,low,repeated_attacks_ge_10,0,0,False,False,,
AS10617,,,95,15,25,low,repeated_attacks_ge_10;repeated_attacks_ge_5,0,0,False,False,,
AS30036,MEDIACOM-ENTERPRISE-BUSINESS,Mediacom Communications Corp,94,3,25,low,repeated_attacks_ge_10,0,0,False,False,,
AS24445,CMNET-V4henan-AS-AP,yan deng,93,15,25,low,repeated_attacks_ge_10;repeated_attacks_ge_5,0,0,False,False,,
AS36924,ORG-GCDS1-AFRINIC,Herve Boulouis,93,6,25,low,repeated_attacks_ge_10;repeated_attacks_ge_5,0,0,False,False,,
AS11426,,,93,4,25,low,repeated_attacks_ge_10,0,0,False,False,,
AS212027,PebbleHost,lir-uk-pebblehost-1-MNT,90,1,25,low,repeated_attacks_ge_10,0,0,False,False,,
AS36925,ORG-ME1-AFRINIC,ISP Orange Morocco,88,12,25,low,repeated_attacks_ge_10;repeated_attacks_ge_5,0,0,False,False,,
AS38731,VTDC-AS-VN,Dau Khac Thanh,86,1,25,low,repeated_attacks_ge_10,0,0,False,False,,
AS140900,,,83,2,25,low,repeated_attacks_ge_10,0,0,False,False,,
AS41231,,,80,12,25,low,repeated_attacks_ge_10;repeated_attacks_ge_2;repeated_attacks_ge_5,0,0,False,False,,
AS396426,,,80,1,25,low,repeated_attacks_ge_10,0,0,False,False,,
AS48721,FLYSERVERS-ENDCLIENTS,FLYSERVERS GLOBAL NETWORK OPERATION CENTRE,79,3,25,low,repeated_attacks_ge_10,0,0,False,False,,
AS49468,MAGHOST_RO,maghost,75,1,25,low,repeated_attacks_ge_10,0,0,False,False,,
AS28573,ASN28573,Claro NXT Telecomunicacoes Ltda,74,12,25,low,repeated_attacks_ge_10;repeated_attacks_ge_5,0,0,False,False,,
AS12322,,,74,5,25,low,repeated_attacks_ge_10;repeated_attacks_ge_5,0,0,False,False,,
AS201401,NewVM-AS,mnt-nl-newvm-1,73,2,25,low,repeated_attacks_ge_10;repeated_attacks_ge_5,0,0,False,False,,
AS265393,ASN265393,FIRENET SERVIÇOS DE TELECOMUNICAÇÕES LTDA,72,1,25,low,repeated_attacks_ge_10,0,0,False,False,,
AS53667,PONYNET,FranTech Solutions,71,5,25,low,repeated_attacks_ge_10;repeated_attacks_ge_2;repeated_attacks_ge_5,0,0,False,False,,
AS45758,,,71,3,25,low,repeated_attacks_ge_10,0,0,False,False,,
AS931,HYONIX,Hyonix,71,2,25,low,repeated_attacks_ge_10,0,0,False,False,,
AS210356,,,70,2,25,low,repeated_attacks_ge_10,0,0,False,False,,
AS50581,,,69,8,25,low,repeated_attacks_ge_10;repeated_attacks_ge_5,0,0,False,False,,
AS23724,,,68,2,25,low,repeated_attacks_ge_10;repeated_attacks_ge_5,0,0,False,False,,
AS37492,ORG-OT3-AFRINIC,Orange Tunisie,67,4,25,low,repeated_attacks_ge_10;repeated_attacks_ge_5,0,0,False,False,,
AS6849,UKRTELNET,Remiga Alexander,66,7,25,low,repeated_attacks_ge_10;repeated_attacks_ge_5,0,0,False,False,,
AS5384,EMIRATES-INTERNET,Sr. Network Administrator,66,6,25,low,repeated_attacks_ge_10;repeated_attacks_ge_5,0,0,False,False,,
AS7018,,,65,5,25,low,repeated_attacks_ge_10;repeated_attacks_ge_5,0,0,False,False,,
AS151330,PBPL-AS-AP,PLAY BROADBAND PVT LTD administrator,65,4,25,low,repeated_attacks_ge_10;repeated_attacks_ge_5,0,0,False,False,,
AS48399,AS-LINXDATACENTER,LINXDC-NOC,65,2,25,low,repeated_attacks_ge_10,0,0,False,False,,
AS50304,BLIX,BLIX,64,2,25,low,repeated_attacks_ge_10;repeated_attacks_ge_5,0,0,False,False,,
AS1267,ASN-WINDTRE,AS1267-MNT,63,4,25,low,repeated_attacks_ge_10;repeated_attacks_ge_5,0,0,False,False,,
AS9498,BBIL-AP,IRT-BHARTI-IN,61,1,25,low,repeated_attacks_ge_10,0,0,False,False,,
AS577,,,60,5,25,low,repeated_attacks_ge_10;repeated_attacks_ge_5,0,0,False,False,,
AS52436,,,60,3,25,low,repeated_attacks_ge_10,0,0,False,False,,
AS12479,,,58,3,25,low,repeated_attacks_ge_10;repeated_attacks_ge_5,0,0,False,False,,
AS34665,,,58,1,25,low,repeated_attacks_ge_10,0,0,False,False,,
AS52363,52363,Jumpnet Soluciones de Internet S.R.L.,57,3,25,low,repeated_attacks_ge_10,0,0,False,False,,
AS197450,,,57,2,25,low,repeated_attacks_ge_10,0,0,False,False,,
AS20001,,,56,5,25,low,repeated_attacks_ge_10;repeated_attacks_ge_5,0,0,False,False,,
AS36947,ORG-TA23-AFRINIC,Security Departement,56,4,25,low,repeated_attacks_ge_10;repeated_attacks_ge_5,0,0,False,False,,
AS197522,ISP-KIM-NET,Marian Kasko,55,2,25,low,repeated_attacks_ge_10,0,0,False,False,,
AS8053,8053,IFX Networks Venezuela C.A.,54,4,25,low,repeated_attacks_ge_10;repeated_attacks_ge_5,0,0,False,False,,
AS209874,TECHTIDE,novacloud-hosting,53,1,25,low,repeated_attacks_ge_10,0,0,False,False,,
AS29465,,,52,3,25,low,repeated_attacks_ge_10;repeated_attacks_ge_5,0,0,False,False,,
AS57798,IT-NET-LTD-AS,Karpalin V,52,1,25,low,repeated_attacks_ge_10,0,0,False,False,,
AS3255,UARNET-AS,admin,51,8,25,low,repeated_attacks_ge_10;repeated_attacks_ge_5,0,0,False,False,,
AS23969,,,51,4,25,low,repeated_attacks_ge_10;repeated_attacks_ge_5,0,0,False,False,,
AS6057,6057,Administracion Nacional de Telecomunicaciones,50,5,25,low,repeated_attacks_ge_10;repeated_attacks_ge_5,0,0,False,False,,
AS141071,JEMBATANDATA-AS-ID,Rio Prayoga,50,4,25,low,repeated_attacks_ge_10;repeated_attacks_ge_5,0,0,False,False,,
AS54113,,,50,4,25,low,repeated_attacks_ge_10,0,0,False,False,,
AS24691,TOGOTEL-AS,RIPE-NCC-END-MNT,49,3,25,low,repeated_attacks_ge_10;repeated_attacks_ge_5,0,0,False,False,,
AS11351,TWC-11351-NORTHEAST,Charter Communications Inc,49,2,25,low,repeated_attacks_ge_10,0,0,False,False,,
AS20011,ORG-DD1-AFRINIC,Elne Kramer,49,2,25,low,repeated_attacks_ge_10,0,0,False,False,,
AS25019,SAUDINETSTC-AS,Saudi Telecom Company JSC,49,2,25,low,repeated_attacks_ge_10,0,0,False,False,,
AS214664,Buduschee,admin-c,49,1,25,low,repeated_attacks_ge_10,0,0,False,False,,
AS58061,SCALAXY-AS,mnt-nl-scalaxy-1,49,1,25,low,repeated_attacks_ge_10,0,0,False,False,,
AS3215,AS3215,Administration Adresses,48,5,25,low,repeated_attacks_ge_10;repeated_attacks_ge_5,0,0,False,False,,
AS23752,NPTELECOM-NP-AS,IRT-NPTELECOM-NP,48,2,25,low,repeated_attacks_ge_10,0,0,False,False,,
AS134674,TATAPLAYBROADBAND-AS-AP,Tata Play Broadband Private Limited,48,1,25,low,repeated_attacks_ge_10,0,0,False,False,,
AS52468,52468,UFINET PANAMA S.A.,47,4,25,low,repeated_attacks_ge_10;repeated_attacks_ge_5,0,0,False,False,,
AS9329,,,46,2,25,low,repeated_attacks_ge_10,0,0,False,False,,
AS36903,ORG-ONdP1-AFRINIC,Kaddouhi Abdelaziz,45,7,25,low,repeated_attacks_ge_10;repeated_attacks_ge_5,0,0,False,False,,
AS56045,,,45,6,25,low,repeated_attacks_ge_10;repeated_attacks_ge_5,0,0,False,False,,
AS215421,,,45,3,25,low,repeated_attacks_ge_10;repeated_attacks_ge_5,0,0,False,False,,
AS2119,TELENOR-NEXTEL,AS2119-MNT,45,1,25,low,repeated_attacks_ge_10,0,0,False,False,,
AS328471,ORG-HP1-AFRINIC,HERO TELECOMS (PTY) LTD,44,4,25,low,repeated_attacks_ge_10;repeated_attacks_ge_5,0,0,False,False,,
AS197738,ZASTAVA-PLUS-AS,MNT-ZASTAVA,44,2,25,low,repeated_attacks_ge_10,0,0,False,False,,
AS8167,ASN8167,V tal,43,6,25,low,repeated_attacks_ge_10;repeated_attacks_ge_5,0,0,False,False,,
AS37577,ORG-ABFS1-AFRINIC,Igor Zoungrana,42,4,25,low,repeated_attacks_ge_10;repeated_attacks_ge_5,0,0,False,False,,
AS39608,,,42,3,25,low,repeated_attacks_ge_10;repeated_attacks_ge_5,0,0,False,False,,
AS6400,,,42,3,25,low,repeated_attacks_ge_10;repeated_attacks_ge_5,0,0,False,False,,
AS30722,,,40,7,25,low,repeated_attacks_ge_10;repeated_attacks_ge_5,0,0,False,False,,
AS3269,ASN-IBSNAZ,Interbusiness Network Administration Staff,40,7,25,low,repeated_attacks_ge_10;repeated_attacks_ge_5,0,0,False,False,,
AS265798,,,40,3,25,low,repeated_attacks_ge_10;repeated_attacks_ge_5,0,0,False,False,,
AS12252,12252,America Movil Peru S.A.C.,40,2,25,low,repeated_attacks_ge_10;repeated_attacks_ge_5,0,0,False,False,,
AS197834,INTERACTIVE,MNT-UCOM,40,1,25,low,repeated_attacks_ge_10,0,0,False,False,,
AS23923,,,40,1,25,low,repeated_attacks_ge_10,0,0,False,False,,
AS40950,DEDIBYTE-LLC,"DediByte, LLC",39,1,25,low,repeated_attacks_ge_10,0,0,False,False,,
AS200350,,,38,3,25,low,repeated_attacks_ge_10;repeated_attacks_ge_5,0,0,False,False,,
AS37705,,,38,3,25,low,repeated_attacks_ge_10;repeated_attacks_ge_5,0,0,False,False,,
AS212617,ALDEN-AS,ALDEN-MNT,38,2,25,low,repeated_attacks_ge_10,0,0,False,False,,
AS266829,266829,MAGALAJO S.A.,38,2,25,low,repeated_attacks_ge_10,0,0,False,False,,
AS215747,,,38,1,25,low,repeated_attacks_ge_10,0,0,False,False,,
AS14522,14522,SERVICIOS DE TELECOMUNICACIONES SETEL S.A. (XTRIM EC),37,2,25,low,repeated_attacks_ge_10;repeated_attacks_ge_5,0,0,False,False,,
AS4788,,,37,2,25,low,repeated_attacks_ge_10,0,0,False,False,,
AS211607,RECORDEDFUTURE,lir-us-securitytrails-1-MNT,36,4,25,low,repeated_attacks_ge_10;repeated_attacks_ge_2,0,0,False,False,,
AS12430,,,36,3,25,low,repeated_attacks_ge_10;repeated_attacks_ge_5,0,0,False,False,,
AS134768,,,36,3,25,low,repeated_attacks_ge_10;repeated_attacks_ge_5,0,0,False,False,,
AS28343,,,36,3,25,low,repeated_attacks_ge_10;repeated_attacks_ge_5,0,0,False,False,,
AS197540,netcup-AS,NETCUP-MNT,36,1,25,low,repeated_attacks_ge_10,0,0,False,False,,
AS4775,GLOBE-TELECOM-AS,"Globe Telecom (GMCR,INC)",35,3,25,low,repeated_attacks_ge_10;repeated_attacks_ge_5,0,0,False,False,,
AS6876,,,34,2,25,low,repeated_attacks_ge_10;repeated_attacks_ge_5,0,0,False,False,,
AS10620,10620,Telmex Colombia S.A.,33,2,25,low,repeated_attacks_ge_10;repeated_attacks_ge_5,0,0,False,False,,
AS28048,28048,Internet Para Todos - Gobierno de La Rioja,33,2,25,low,repeated_attacks_ge_10;repeated_attacks_ge_5,0,0,False,False,,
AS50648,UAINET-AS,PE UAinet,33,2,25,low,repeated_attacks_ge_10;repeated_attacks_ge_5,0,0,False,False,,
AS53107,,,33,1,25,low,repeated_attacks_ge_10,0,0,False,False,,
AS15377,,,32,2,25,low,repeated_attacks_ge_10;repeated_attacks_ge_5,0,0,False,False,,
AS265858,,,32,2,25,low,repeated_attacks_ge_10,0,0,False,False,,
AS266682,266682,DANIEL MARECHAL,32,2,25,low,repeated_attacks_ge_10;repeated_attacks_ge_5,0,0,False,False,,
AS37693,,,32,2,25,low,repeated_attacks_ge_10;repeated_attacks_ge_5,0,0,False,False,,
AS396356,,,32,1,25,low,repeated_attacks_ge_10,0,0,False,False,,
AS40662,,,32,1,25,low,repeated_attacks_ge_10,0,0,False,False,,
AS11845,,,31,2,25,low,repeated_attacks_ge_10;repeated_attacks_ge_5,0,0,False,False,,
AS12975,,,31,2,25,low,repeated_attacks_ge_10;repeated_attacks_ge_5,0,0,False,False,,
AS13489,13489,UNE EPM TELECOMUNICACIONES S.A.,31,2,25,low,repeated_attacks_ge_10;repeated_attacks_ge_5,0,0,False,False,,
AS207558,EXPRES,mnt-ua-expres-1,31,2,25,low,repeated_attacks_ge_10;repeated_attacks_ge_5,0,0,False,False,,
AS274243,,,31,2,25,low,repeated_attacks_ge_10;repeated_attacks_ge_5,0,0,False,False,,
AS23693,TELKOMSEL-ASN-ID,IRT-TELKOMSEL-ID,31,1,25,low,repeated_attacks_ge_10,0,0,False,False,,
AS262191,262191,LIBERTY NETWORKS DE COLOMBIA S.A.S,31,1,25,low,repeated_attacks_ge_10,0,0,False,False,,
AS263790,263790,RED POWER INTERNET SRL,31,1,25,low,repeated_attacks_ge_10,0,0,False,False,,
AS5391,,,31,1,25,low,repeated_attacks_ge_10,0,0,False,False,,
AS140292,CHINATELECOM-JIANGSU-SUZHOU-5G-NETWORK,Chinanet Hostmaster,30,4,25,low,repeated_attacks_ge_10;repeated_attacks_ge_5,0,0,False,False,,
AS18049,,,30,4,25,low,repeated_attacks_ge_10;repeated_attacks_ge_5,0,0,False,False,,
AS3320,,,30,2,25,low,repeated_attacks_ge_10;repeated_attacks_ge_5,0,0,False,False,,
AS135523,MULTINET-IE-AS-AP,IP CORE,30,1,25,low,repeated_attacks_ge_10,0,0,False,False,,
AS141039,PACKETHUBSA-AS-AP,PacketHub S.A.,30,1,25,low,repeated_attacks_ge_10,0,0,False,False,,
AS209242,CLOUDFLARESPECTRUM,Cloudflare Abuse Contact,30,1,25,low,repeated_attacks_ge_10,0,0,False,False,,
AS211101,maxlink,HTEL-MNT,30,1,25,low,repeated_attacks_ge_10,0,0,False,False,,
AS263219,263219,WIRNET S.R.L.,30,1,25,low,repeated_attacks_ge_10,0,0,False,False,,
AS265525,,,30,1,25,low,repeated_attacks_ge_10,0,0,False,False,,
AS28885,OMANTEL-NAP-AS,AS8529-MNT,30,1,25,low,repeated_attacks_ge_10,0,0,False,False,,
AS31272,WILDPARK-AS,Alexander A. Lapidus,30,1,25,low,repeated_attacks_ge_10,0,0,False,False,,
AS812,,,30,1,25,low,repeated_attacks_ge_10,0,0,False,False,,
AS133770,HMCOMMUNICATION-AS-AP,H M COMMUNICATION administrator,29,2,25,low,repeated_attacks_ge_10;repeated_attacks_ge_5,0,0,False,False,,
AS35805,SILKNET-AS,MNT-UTG,29,2,25,low,repeated_attacks_ge_10;repeated_attacks_ge_5,0,0,False,False,,
AS6128,,,29,1,25,low,repeated_attacks_ge_10,0,0,False,False,,
AS132525,CMNET-HEILONGJIANG-CN,longjiang hei,28,4,25,low,repeated_attacks_ge_10;repeated_attacks_ge_5,0,0,False,False,,
AS327934,ORG-SNDT3-AFRINIC,Azmi Lahmar,28,3,25,low,repeated_attacks_ge_10;repeated_attacks_ge_5,0,0,False,False,,
AS6147,6147,INTEGRATEL PERÚ S.A.A.,28,2,25,low,repeated_attacks_ge_10;repeated_attacks_ge_5,0,0,False,False,,
AS131090,,,28,1,25,low,repeated_attacks_ge_10,0,0,False,False,,
AS15081,OMNI-FIBER,Omni Fiber,28,1,25,low,repeated_attacks_ge_10,0,0,False,False,,
AS16058,,,28,1,25,low,repeated_attacks_ge_10,0,0,False,False,,
AS263616,ASN263616,Dez Solucoes em Telecomunicacoes LTDA,28,1,25,low,repeated_attacks_ge_10,0,0,False,False,,
AS28075,,,28,1,25,low,repeated_attacks_ge_10,0,0,False,False,,
AS3356,,,28,1,25,low,repeated_attacks_ge_10,0,0,False,False,,
AS34718,,,28,1,25,low,repeated_attacks_ge_10,0,0,False,False,,
AS35104,KTC-AS,JSC Jusan Mobile,28,1,25,low,repeated_attacks_ge_10,0,0,False,False,,
AS49183,,,28,1,25,low,repeated_attacks_ge_10,0,0,False,False,,
AS52409,,,28,1,25,low,repeated_attacks_ge_10,0,0,False,False,,
AS5466,,,28,1,25,low,repeated_attacks_ge_10,0,0,False,False,,
AS45916,GTPL-AS-AP,IRT-GTPL-IN,27,4,25,low,repeated_attacks_ge_10;repeated_attacks_ge_2;repeated_attacks_ge_5,0,0,False,False,,
AS32098,,,27,2,25,low,repeated_attacks_ge_10,0,0,False,False,,
AS33991,,,27,2,25,low,repeated_attacks_ge_10;repeated_attacks_ge_5,0,0,False,False,,
AS216472,HS-SYR,Admin,27,1,25,low,repeated_attacks_ge_10,0,0,False,False,,
AS262932,,,27,1,25,low,repeated_attacks_ge_10,0,0,False,False,,
AS265823,,,27,1,25,low,repeated_attacks_ge_10,0,0,False,False,,
AS268842,,,27,1,25,low,repeated_attacks_ge_10,0,0,False,False,,
AS39199,,,27,1,25,low,repeated_attacks_ge_10,0,0,False,False,,
AS4230,,,27,1,25,low,repeated_attacks_ge_10,0,0,False,False,,
AS50204,ARHAT-AS,ARHAT-MNT,27,1,25,low,repeated_attacks_ge_10,0,0,False,False,,
AS52233,,,27,1,25,low,repeated_attacks_ge_10,0,0,False,False,,
AS5645,,,27,1,25,low,repeated_attacks_ge_10,0,0,False,False,,
AS57269,,,27,1,25,low,repeated_attacks_ge_10,0,0,False,False,,
AS132280,SYMPHONY-AP-TH,IRT-SYMPHONY-TH,26,1,25,low,repeated_attacks_ge_10,0,0,False,False,,
AS262966,ASN262966,KDM INTERNET TELECOMUNICACOES LTDA,26,1,25,low,repeated_attacks_ge_10,0,0,False,False,,
AS268945,ASN268945,Boa vista Net Ltda - me,26,1,25,low,repeated_attacks_ge_10,0,0,False,False,,
AS272951,272951,INTERCOM SERVICIOS C.A,26,1,25,low,repeated_attacks_ge_10,0,0,False,False,,
AS28509,28509,Cablemas Telecomunicaciones SA de CV,26,1,25,low,repeated_attacks_ge_10,0,0,False,False,,
AS29226,MASTERTEL-AS,MASTERTEL-MNT,26,1,25,low,repeated_attacks_ge_10,0,0,False,False,,
AS328399,,,26,1,25,low,repeated_attacks_ge_10,0,0,False,False,,
AS329126,ORG-IPL6-AFRINIC,Pierre Lightfoot,26,1,25,low,repeated_attacks_ge_10,0,0,False,False,,
AS37002,ORG-RS4-AFRINIC,Alexandre HOARAU,26,1,25,low,repeated_attacks_ge_10,0,0,False,False,,
AS39264,METROMAX-AS,Evgeny Zavershinsky,26,1,25,low,repeated_attacks_ge_10,0,0,False,False,,
AS39297,ARTEFACT,Sergiy Guminilovych,26,1,25,low,repeated_attacks_ge_10,0,0,False,False,,
AS50772,UTT-AS,Nickolay G. Dergunov,26,1,25,low,repeated_attacks_ge_10,0,0,False,False,,
AS211486,AAA-AS,LocalNCC-mnt,25,3,25,low,repeated_attacks_ge_10;repeated_attacks_ge_5,0,0,False,False,,
AS27699,ASN27699,TELEFÔNICA BRASIL S.A,25,3,25,low,repeated_attacks_ge_10;repeated_attacks_ge_5,0,0,False,False,,
AS22773,ASN-CXA-ALL-CCI-22773-RDC,Cox Communications Inc.,25,2,25,low,repeated_attacks_ge_10,0,0,False,False,,
AS12764,AKNET-AS,AS12764-MNT,25,1,25,low,repeated_attacks_ge_10,0,0,False,False,,
AS133384,,,25,1,25,low,repeated_attacks_ge_10,0,0,False,False,,
AS149360,IDNIC-INTELMEDIA-AS-ID,IRT-INTELMEDIA-ID,25,1,25,low,repeated_attacks_ge_10,0,0,False,False,,
AS17318,,,25,1,25,low,repeated_attacks_ge_10,0,0,False,False,,
AS23520,LIBERTY-NETWORKS,"Columbus Networks USA, Inc.",25,1,25,low,repeated_attacks_ge_10,0,0,False,False,,
AS25250,ORG-GC5-AFRINIC,Baboucarr M. Saho,25,1,25,low,repeated_attacks_ge_10,0,0,False,False,,
AS262223,,,25,1,25,low,repeated_attacks_ge_10,0,0,False,False,,
AS263223,263223,SATELITES Y TELECOMUNICACIONES C.A,25,1,25,low,repeated_attacks_ge_10,0,0,False,False,,
AS263818,,,25,1,25,low,repeated_attacks_ge_10,0,0,False,False,,
AS264489,,,25,1,25,low,repeated_attacks_ge_10,0,0,False,False,,
AS265561,265561,LANTOINTERNET SA DE CV,25,1,25,low,repeated_attacks_ge_10,0,0,False,False,,
AS267790,267790,NET ISP S.A.S,25,1,25,low,repeated_attacks_ge_10,0,0,False,False,,
AS272006,272006,DOVA SRL,25,1,25,low,repeated_attacks_ge_10,0,0,False,False,,
AS272894,,,25,1,25,low,repeated_attacks_ge_10,0,0,False,False,,
AS27653,27653,Alpha Communications Network,25,1,25,low,repeated_attacks_ge_10,0,0,False,False,,
AS41435,,,25,1,25,low,repeated_attacks_ge_10,0,0,False,False,,
AS43400,SV3-AS,NEO-TELEKOM Ltd,25,1,25,low,repeated_attacks_ge_10,0,0,False,False,,
AS43786,STCOMUA-AS,mnt-ua-utg-1,25,1,25,low,repeated_attacks_ge_10,0,0,False,False,,
AS48969,PARUS-TELECOM-AS,Igor I.Korolkov,25,1,25,low,repeated_attacks_ge_10,0,0,False,False,,
AS52307,52307,CORPICO LTDA,25,1,25,low,repeated_attacks_ge_10,0,0,False,False,,
AS5432,PROXIMUS-ISP-AS,Belgacom Internet Expertise Center,25,1,25,low,repeated_attacks_ge_10,0,0,False,False,,
AS55501,CONNECTEL-PK,IP Control,25,1,25,low,repeated_attacks_ge_10,0,0,False,False,,
AS8870,OVDC-AS,Overseas Technologies LLC,25,1,25,low,repeated_attacks_ge_10,0,0,False,False,,
AS11562,,,24,2,25,low,repeated_attacks_ge_10;repeated_attacks_ge_5,0,0,False,False,,
AS10029,,,24,1,25,low,repeated_attacks_ge_10,0,0,False,False,,
AS12735,ASTurkNet,MNT-TURKNET-MNT,24,1,25,low,repeated_attacks_ge_10,0,0,False,False,,
AS138129,,,24,1,25,low,repeated_attacks_ge_10,0,0,False,False,,
AS15924,BORUSANTELEKOM-AS,Borusan Telekom Backbone Group,24,1,25,low,repeated_attacks_ge_10,0,0,False,False,,
AS264631,264631,RED PARAGUAYA DE TELECOMUNICACIONES SA,24,1,25,low,repeated_attacks_ge_10,0,0,False,False,,
AS269561,,,24,1,25,low,repeated_attacks_ge_10,0,0,False,False,,
AS35795,,,24,1,25,low,repeated_attacks_ge_10,0,0,False,False,,
AS38661,HCLC-AS-KR-KR,AS Manager,24,1,25,low,repeated_attacks_ge_10,0,0,False,False,,
AS39232,UNINET,Teymur Mekhtiyev,24,1,25,low,repeated_attacks_ge_10,0,0,False,False,,
AS42846,,,24,1,25,low,repeated_attacks_ge_10,0,0,False,False,,
AS43060,IPLUS-AS,Artem Moskalev,24,1,25,low,repeated_attacks_ge_10,0,0,False,False,,
AS56361,,,24,1,25,low,repeated_attacks_ge_10,0,0,False,False,,
AS60246,,,24,1,25,low,repeated_attacks_ge_10,0,0,False,False,,
AS7565,,,24,1,25,low,repeated_attacks_ge_10,0,0,False,False,,
AS9506,SINGTEL-FIBRE,"Singapore Telecommunications Ltd, Magix Services",24,1,25,low,repeated_attacks_ge_10,0,0,False,False,,
AS133481,AIS-Fibre-AS-AP,SBN Co Ltd IP Planning,23,2,25,low,repeated_attacks_ge_10;repeated_attacks_ge_5,0,0,False,False,,
AS17511,,,23,2,25,low,repeated_attacks_ge_10;repeated_attacks_ge_5,0,0,False,False,,
AS265817,,,23,2,25,low,repeated_attacks_ge_10;repeated_attacks_ge_5,0,0,False,False,,
AS269870,269870,Giza S.A.,23,2,25,low,repeated_attacks_ge_10;repeated_attacks_ge_5,0,0,False,False,,
AS40065,CNSERVERS,CNSERVERS LLC,23,2,25,low,repeated_attacks_ge_10;repeated_attacks_ge_5,0,0,False,False,,
AS52341,,,23,2,25,low,repeated_attacks_ge_10;repeated_attacks_ge_5,0,0,False,False,,
AS11172,11172,"Alestra, S. de R.L. de C.V.",23,1,25,low,repeated_attacks_ge_10,0,0,False,False,,
AS15169,,,23,1,25,low,repeated_attacks_ge_10,0,0,False,False,,
AS263720,263720,SURPORAIRE SA,23,1,25,low,repeated_attacks_ge_10,0,0,False,False,,
AS29544,,,23,1,25,low,repeated_attacks_ge_10,0,0,False,False,,
AS53755,IOFLOOD,Input Output Flood LLC,23,1,25,low,repeated_attacks_ge_10,0,0,False,False,,
AS55427,BROADLINK-AS-AP,IRT-BROADLINK-NP,23,1,25,low,repeated_attacks_ge_10,0,0,False,False,,
AS60508,PinosPuente-AS,Enrique Lopez Sierra,23,1,25,low,repeated_attacks_ge_10,0,0,False,False,,
AS209272,,,22,2,25,low,repeated_attacks_ge_10;repeated_attacks_ge_5,0,0,False,False,,
AS12850,,,22,1,25,low,repeated_attacks_ge_10,0,0,False,False,,
AS3209,VODANET,Vodafone Germany IP Core Backbone,22,1,25,low,repeated_attacks_ge_10,0,0,False,False,,
AS272330,,,21,2,25,low,repeated_attacks_ge_10;repeated_attacks_ge_5,0,0,False,False,,
AS27984,27984,Ver Tv S.A.,21,2,25,low,repeated_attacks_ge_10;repeated_attacks_ge_5,0,0,False,False,,
AS31252,,,21,2,25,low,repeated_attacks_ge_10;repeated_attacks_ge_5,0,0,False,False,,
AS60064,,,21,2,25,low,repeated_attacks_ge_10;repeated_attacks_ge_5,0,0,False,False,,
AS136969,,,21,1,25,low,repeated_attacks_ge_10,0,0,False,False,,
AS137587,VMOBB-AS-IN,IRT-VMOBB-IN,21,1,25,low,repeated_attacks_ge_10,0,0,False,False,,
AS22884,22884,"TOTAL PLAY TELECOMUNICACIONES, S.A.P.I. DE C.V.",21,1,25,low,repeated_attacks_ge_10,0,0,False,False,,
AS23956,AMBERIT-BD-AS,IRT-AMBERIT-BD,21,1,25,low,repeated_attacks_ge_10,0,0,False,False,,
AS43139,,,21,1,25,low,repeated_attacks_ge_10,0,0,False,False,,
AS38841,,,20,3,25,low,repeated_attacks_ge_10;repeated_attacks_ge_5,0,0,False,False,,
AS52361,,,20,2,25,low,repeated_attacks_ge_10;repeated_attacks_ge_5,0,0,False,False,,
AS58309,LANGATE-AS,Andrey Golubnichiy,20,2,25,low,repeated_attacks_ge_10;repeated_attacks_ge_5,0,0,False,False,,
AS131353,NHANHOA-AS-VN,IRT-VNNIC-AP,20,1,25,low,repeated_attacks_ge_10,0,0,False,False,,
AS140158,NAII-AS-IN,IRT-NAII-IN,20,1,25,low,repeated_attacks_ge_10,0,0,False,False,,
AS211507,Aluy,LAIN,20,1,25,low,repeated_attacks_ge_10,0,0,False,False,,
AS212913,TIMEHOST-AS,NETWORK-SUPPORT-MNT,20,1,25,low,repeated_attacks_ge_10,0,0,False,False,,
AS21453,,,20,1,25,low,repeated_attacks_ge_10,0,0,False,False,,
AS28006,28006,CORPORACION NACIONAL DE TELECOMUNICACIONES - CNT EP,20,1,25,low,repeated_attacks_ge_10,0,0,False,False,,
AS44395,,,20,1,25,low,repeated_attacks_ge_10,0,0,False,False,,
AS45204,GEMNET-MN,IRT-GEMNET-MN,20,1,25,low,repeated_attacks_ge_10,0,0,False,False,,
AS52397,,,20,1,25,low,repeated_attacks_ge_10,0,0,False,False,,
AS12880,,,19,1,25,low,repeated_attacks_ge_10,0,0,False,False,,
AS134840,,,19,1,25,low,repeated_attacks_ge_10,0,0,False,False,,
AS23118,,,19,1,25,low,repeated_attacks_ge_10,0,0,False,False,,
AS8048,,,19,1,25,low,repeated_attacks_ge_10,0,0,False,False,,
AS28787,AS-AZTELEKOM,Aydamir Aydamirov,18,2,25,low,repeated_attacks_ge_10;repeated_attacks_ge_5,0,0,False,False,,
AS37611,ORG-AS7-AFRINIC,Nicos Tjirkalli,18,2,25,low,repeated_attacks_ge_10;repeated_attacks_ge_5,0,0,False,False,,
AS61461,,,18,1,25,low,repeated_attacks_ge_10,0,0,False,False,,
AS8047,,,18,1,25,low,repeated_attacks_ge_10,0,0,False,False,,
AS209588,FLYSERVERS-ASN,FLYSERVERS GLOBAL NETWORK OPERATION CENTRE,17,1,25,low,repeated_attacks_ge_10,0,0,False,False,,
AS262145,262145,Cooperativa de Electrificación Rural de San Carlos R.L. (Coopelesca R.L.),17,1,25,low,repeated_attacks_ge_10,0,0,False,False,,
AS35530,PROLINE,MNT-PROLINE,17,1,25,low,repeated_attacks_ge_10,0,0,False,False,,
AS35819,,,17,1,25,low,repeated_attacks_ge_10,0,0,False,False,,
AS141015,,,16,1,25,low,repeated_attacks_ge_10,0,0,False,False,,
AS16223,,,16,1,25,low,repeated_attacks_ge_10,0,0,False,False,,
AS197035,,,16,1,25,low,repeated_attacks_ge_10,0,0,False,False,,
AS204170,awasr,Ali Al Harthy,16,1,25,low,repeated_attacks_ge_10,0,0,False,False,,
AS219474,GRAV-AS,GravHosting,16,1,25,low,repeated_attacks_ge_10,0,0,False,False,,
AS262934,,,16,1,25,low,repeated_attacks_ge_10,0,0,False,False,,
AS265876,,,16,1,25,low,repeated_attacks_ge_10,0,0,False,False,,
AS266703,,,16,1,25,low,repeated_attacks_ge_10,0,0,False,False,,
AS267916,,,16,1,25,low,repeated_attacks_ge_10,0,0,False,False,,
AS270026,270026,"RED SERVITEL, CA",16,1,25,low,repeated_attacks_ge_10,0,0,False,False,,
AS271907,271907,COLNETWORK C.A.,16,1,25,low,repeated_attacks_ge_10,0,0,False,False,,
AS272122,272122,"TELECOMUNICACIONES G-NETWORK, C.A.",16,1,25,low,repeated_attacks_ge_10,0,0,False,False,,
AS273270,273270,RADIOCOMUNICACIONES DE IXMIQUILPAN SA DE CV,16,1,25,low,repeated_attacks_ge_10,0,0,False,False,,
AS274103,,,16,1,25,low,repeated_attacks_ge_10,0,0,False,False,,
AS27895,27895,Núcleo S.A.,16,1,25,low,repeated_attacks_ge_10,0,0,False,False,,
AS27979,,,16,1,25,low,repeated_attacks_ge_10,0,0,False,False,,
AS28015,,,16,1,25,low,repeated_attacks_ge_10,0,0,False,False,,
AS328482,,,16,1,25,low,repeated_attacks_ge_10,0,0,False,False,,
AS35047,,,16,1,25,low,repeated_attacks_ge_10,0,0,False,False,,
AS36974,,,16,1,25,low,repeated_attacks_ge_10,0,0,False,False,,
AS43309,GIPERNET-AS,GiperNet NOC,16,1,25,low,repeated_attacks_ge_10,0,0,False,False,,
AS53088,ASN53088,FORNET COMUNICACOES LTDA,16,1,25,low,repeated_attacks_ge_10,0,0,False,False,,
AS56005,Fastidc,Huang Yi,16,1,25,low,repeated_attacks_ge_10,0,0,False,False,,
AS5713,ORG-TSL2-AFRINIC,Telkom SA Ltd.,16,1,25,low,repeated_attacks_ge_10,0,0,False,False,,
AS59847,,,16,1,25,low,repeated_attacks_ge_10,0,0,False,False,,
AS9617,,,16,1,25,low,repeated_attacks_ge_10,0,0,False,False,,
AS1680,NV-ASN,CELLCOM-MNT,15,2,25,low,repeated_attacks_ge_10;repeated_attacks_ge_5,0,0,False,False,,
AS200019,AlexHost,CLOUDATAMD-MNT,15,2,25,low,repeated_attacks_ge_10;repeated_attacks_ge_5,0,0,False,False,,
AS28378,28378,"TV Rey de Occidente, S.A. de C.V.",15,2,25,low,repeated_attacks_ge_10;repeated_attacks_ge_5,0,0,False,False,,
AS9919,NCIC-TW,IRT-NCIC-TW,15,2,25,low,repeated_attacks_ge_10;repeated_attacks_ge_5,0,0,False,False,,
AS12741,AS-NETIA,NETIA-MNT,15,1,25,low,repeated_attacks_ge_10,0,0,False,False,,
AS136907,HWCLOUDS-AS-AP,IRT-HIPL-SG,15,1,25,low,repeated_attacks_ge_10,0,0,False,False,,
AS265634,265634,JR INTERCOM S.R.L,15,1,25,low,repeated_attacks_ge_10,0,0,False,False,,
AS2860,NOS_COMUNICACOES,AS2860-MNT,15,1,25,low,repeated_attacks_ge_10,0,0,False,False,,
AS30985,ORG-IS28-AFRINIC,Orange Mali SA,15,1,25,low,repeated_attacks_ge_10,0,0,False,False,,
AS48642,,,15,1,25,low,repeated_attacks_ge_10,0,0,False,False,,
AS6364,ATLANTIC-NET-1,"Atlantic.net, Inc.",15,1,25,low,repeated_attacks_ge_10,0,0,False,False,,
AS12912,TMPL,AS12912-MNT,14,1,25,low,repeated_attacks_ge_10,0,0,False,False,,
AS135226,,,14,1,25,low,repeated_attacks_ge_10,0,0,False,False,,
AS135268,ASBPL-AS,manager admin,14,1,25,low,repeated_attacks_ge_10,0,0,False,False,,
AS140197,NCSPL-AS,IRT-NCSPL-IN,14,1,25,low,repeated_attacks_ge_10,0,0,False,False,,
AS14080,14080,Telmex Colombia S.A.,14,1,25,low,repeated_attacks_ge_10,0,0,False,False,,
AS26077,NEXTLINK-TEXAS,Nextlink Broadband,14,1,25,low,repeated_attacks_ge_10,0,0,False,False,,
AS262820,,,14,1,25,low,repeated_attacks_ge_10,0,0,False,False,,
AS264754,264754,SWISSNET S.R.L.,14,1,25,low,repeated_attacks_ge_10,0,0,False,False,,
AS272035,272035,QUINTAS.NET S.R.L,14,1,25,low,repeated_attacks_ge_10,0,0,False,False,,
AS27983,27983,Red Intercable Digital S.A.,14,1,25,low,repeated_attacks_ge_10,0,0,False,False,,
AS28658,,,14,1,25,low,repeated_attacks_ge_10,0,0,False,False,,
AS63737,,,14,1,25,low,repeated_attacks_ge_10,0,0,False,False,,
AS8468,,,14,1,25,low,repeated_attacks_ge_10,0,0,False,False,,
AS9694,,,14,1,25,low,repeated_attacks_ge_10,0,0,False,False,,
AS9829,,,14,1,25,low,repeated_attacks_ge_10,0,0,False,False,,
AS131275,LBPL-AS-AP,Logon Broadband Pvt. Limited,13,1,25,low,repeated_attacks_ge_10,0,0,False,False,,
AS136255,TIMCL-AS-AP,PHAM CONG NGUYEN,13,1,25,low,repeated_attacks_ge_10,0,0,False,False,,
AS136384,,,13,1,25,low,repeated_attacks_ge_10,0,0,False,False,,
AS138004,MISL-AS-AP,IRT-MISL-BD,13,1,25,low,repeated_attacks_ge_10,0,0,False,False,,
AS140061,,,13,1,25,low,repeated_attacks_ge_10,0,0,False,False,,
AS24186,,,13,1,25,low,repeated_attacks_ge_10,0,0,False,False,,
AS265810,265810,COOPERATIVA DE SERVICIOS PUBLICOS ALTOS DE CHIPION LTDA,13,1,25,low,repeated_attacks_ge_10,0,0,False,False,,
AS29436,ASN-IMPERIAL,IMPERIAL-MNT,13,1,25,low,repeated_attacks_ge_10,0,0,False,False,,
AS41034,IMPULS-AS,IMPULS-RIPE-MNT,13,1,25,low,repeated_attacks_ge_10,0,0,False,False,,
AS44061,,,13,1,25,low,repeated_attacks_ge_10,0,0,False,False,,
AS11427,TWC-11427-TEXAS,Charter Communications Inc,12,1,25,low,repeated_attacks_ge_10,0,0,False,False,,
AS132497,,,12,1,25,low,repeated_attacks_ge_10,0,0,False,False,,
AS206119,,,12,1,25,low,repeated_attacks_ge_10,0,0,False,False,,
AS207810,VTelecom,Gor Tadevosyan,12,1,25,low,repeated_attacks_ge_10,0,0,False,False,,
AS209702,SOLDATOV-AS,SOLDATOV ALEXEY VALEREVICH,12,1,25,low,repeated_attacks_ge_10,0,0,False,False,,
AS21299,KAR-TEL-AS,Artyom Pilipenko,12,1,25,low,repeated_attacks_ge_10,0,0,False,False,,
AS213024,StarTelecom,GRINOCAM-MNT,12,1,25,low,repeated_attacks_ge_10,0,0,False,False,,
AS25099,,,12,1,25,low,repeated_attacks_ge_10,0,0,False,False,,
AS27176,DATAWAGON,DataWagon LLC,12,1,25,low,repeated_attacks_ge_10,0,0,False,False,,
AS27901,27901,Pacifico Cable SPA.,12,1,25,low,repeated_attacks_ge_10,0,0,False,False,,
AS36865,,,12,1,25,low,repeated_attacks_ge_10,0,0,False,False,,
AS4181,TDS-AS,TDS TELECOM,12,1,25,low,repeated_attacks_ge_10,0,0,False,False,,
AS43633,UA-GIGABIT,Andrew Baurin,12,1,25,low,repeated_attacks_ge_10,0,0,False,False,,
AS46844,SHARKTECH,Sharktech,12,1,25,low,repeated_attacks_ge_10,0,0,False,False,,
AS132167,,,11,1,25,low,repeated_attacks_ge_10,0,0,False,False,,
AS14232,14232,Cooperativa Telefónica Pinamar Ltda.,11,1,25,low,repeated_attacks_ge_10,0,0,False,False,,
AS31213,MF-NWGSM-AS,MEGAFON-GNOC-MNT,11,1,25,low,repeated_attacks_ge_10,0,0,False,False,,
AS328867,,,11,1,25,low,repeated_attacks_ge_10,0,0,False,False,,
AS51115,,,11,1,25,low,repeated_attacks_ge_10,0,0,False,False,,
AS7488,CNSERVER-AP-AS,IRT-AP-CNSERVER,11,1,25,low,repeated_attacks_ge_10,0,0,False,False,,
AS15802,DU-AS1,DIC-MNT,10,1,25,low,repeated_attacks_ge_10,0,0,False,False,,
AS18126,CTCX,IRT-JPNIC-JP,10,1,25,low,repeated_attacks_ge_10,0,0,False,False,,
AS202710,abnet,lir-al-abnet1-1-MNT,10,1,25,low,repeated_attacks_ge_10,0,0,False,False,,
AS27951,,,10,1,25,low,repeated_attacks_ge_10,0,0,False,False,,
AS31520,Datagroup-Retail,ASN3326-MNT,10,1,25,low,repeated_attacks_ge_10,0,0,False,False,,
AS31556,,,10,1,25,low,repeated_attacks_ge_10,0,0,False,False,,
AS328961,,,10,1,25,low,repeated_attacks_ge_10,0,0,False,False,,
AS39287,,,10,1,25,low,repeated_attacks_ge_10,0,0,False,False,,
AS5378,unspecified,Vodafone Limited,10,1,25,low,repeated_attacks_ge_10,0,0,False,False,,
AS8953,,,10,1,25,low,repeated_attacks_ge_10,0,0,False,False,,
AS4808,CHINA169-BJ,ChinaUnicom Hostmaster,38,7,20,low,repeated_attacks_ge_5,0,0,False,False,,
AS56047,CMNET-Hunan-AP,haijun li,33,6,20,low,repeated_attacks_ge_5,0,0,False,False,,
AS4713,OCN,Japan Network Information Center,30,6,20,low,repeated_attacks_ge_5,0,0,False,False,,
AS140527,CHINANET-ANHUI-WUHU-IDC,China Telecom,26,4,20,low,repeated_attacks_ge_5,0,0,False,False,,
AS7738,ASN7738,V tal,25,5,20,low,repeated_attacks_ge_5,0,0,False,False,,
AS9299,,,23,4,20,low,repeated_attacks_ge_5,0,0,False,False,,
AS42014,Chumachenko,AS3255-MNT,21,3,20,low,repeated_attacks_ge_5,0,0,False,False,,
AS9198,,,21,3,20,low,repeated_attacks_ge_5,0,0,False,False,,
AS15557,,,20,4,20,low,repeated_attacks_ge_5,0,0,False,False,,
AS265592,265592,KBLEX SA DE CV,20,4,20,low,repeated_attacks_ge_5,0,0,False,False,,
AS25229,,,20,3,20,low,repeated_attacks_ge_5,0,0,False,False,,
AS59668,ATURON,Turon Media XK,19,3,20,low,repeated_attacks_ge_5,0,0,False,False,,
AS61163,tv,Administrators,19,3,20,low,repeated_attacks_ge_5,0,0,False,False,,
AS9930,TTNET-MY,TIMENet IP Hostmasters,19,3,20,low,repeated_attacks_ge_5,0,0,False,False,,
AS15895,KSNET-AS,Kyivstar PJSC,18,3,20,low,repeated_attacks_ge_5,0,0,False,False,,
AS17816,CHINA169-GZ,ChinaUnicom Hostmaster,17,3,20,low,repeated_attacks_ge_5,0,0,False,False,,
AS267714,267714,DAF S. R. L.,16,2,20,low,repeated_attacks_ge_5,0,0,False,False,,
AS16232,ASN-TIM,Engineering Staff TIM,15,3,20,low,repeated_attacks_ge_5,0,0,False,False,,
AS4685,ASAHI-NET,Japan Network Information Center,15,3,20,low,repeated_attacks_ge_5,0,0,False,False,,
AS49824,ACTPA-AS,Iurii Zhovnir,15,3,20,low,repeated_attacks_ge_5,0,0,False,False,,
AS13999,,,15,2,20,low,repeated_attacks_ge_5,0,0,False,False,,
AS24812,ASHOMENET,HOMENETPOLTAVA-MNT,15,2,20,low,repeated_attacks_ge_5,0,0,False,False,,
AS63859,MYREPUBLIC-AS-ID,Hendra Gunawan,15,2,20,low,repeated_attacks_ge_5,0,0,False,False,,
AS6568,,,15,2,20,low,repeated_attacks_ge_5,0,0,False,False,,
AS213887,WAICORE-LTD,NOC,14,2,20,low,repeated_attacks_ge_5,0,0,False,False,,
AS43764,SEVLUSH-AS,Omelyan Belanynets,14,2,20,low,repeated_attacks_ge_5,0,0,False,False,,
AS17451,,,13,2,20,low,repeated_attacks_ge_5,0,0,False,False,,
AS269822,269822,COLOMBIA MAS TV S.A.S,13,2,20,low,repeated_attacks_ge_5,0,0,False,False,,
AS49827,,,13,2,20,low,repeated_attacks_ge_5,0,0,False,False,,
AS53062,ASN53062,GGNET TELECOMUNICACOES LTDA,13,2,20,low,repeated_attacks_ge_5,0,0,False,False,,
AS5607,BSKYB-BROADBAND-AS,Sky UK Broadband Hostmaster,13,2,20,low,repeated_attacks_ge_5,0,0,False,False,,
AS12271,TWC-12271-NYC,Charter Communications Inc,12,2,20,low,repeated_attacks_ge_5,0,0,False,False,,
AS208843,,,12,2,20,low,repeated_attacks_ge_2;repeated_attacks_ge_5,0,0,False,False,,
AS41820,,,12,2,20,low,repeated_attacks_ge_5,0,0,False,False,,
AS48437,MEREZHA-UA-AS,Merezha administative contact,12,2,20,low,repeated_attacks_ge_5,0,0,False,False,,
AS13335,CLOUDFLARENET,"Cloudflare, Inc.",11,4,20,low,repeated_attacks_ge_2;repeated_attacks_ge_5,0,0,False,False,,
AS265816,,,11,2,20,low,repeated_attacks_ge_5,0,0,False,False,,
AS12714,MEGAFON-AS,MEGAFON-RIPE-MNT,10,2,20,low,repeated_attacks_ge_5,0,0,False,False,,
AS140293,CHINATELECOM-JIANGSU-CHANGZHOU-5G-NETWORK,Chinanet Hostmaster,10,2,20,low,repeated_attacks_ge_5,0,0,False,False,,
AS17621,CNCGROUP-SH,ChinaUnicom Hostmaster,10,2,20,low,repeated_attacks_ge_5,0,0,False,False,,
AS17809,,,10,2,20,low,repeated_attacks_ge_5,0,0,False,False,,
AS198356,ASSKYNETUA,Evgeniy Kondratyk,10,2,20,low,repeated_attacks_ge_5,0,0,False,False,,
AS265981,ASN265981,Linknet Telecomunicações LTDA,10,2,20,low,repeated_attacks_ge_5,0,0,False,False,,
AS28649,ASN28649,Desktop Sigmanet Comunicação Multimídia SA,10,2,20,low,repeated_attacks_ge_5,0,0,False,False,,
AS34369,AS-SHATELMOBILE,Mohammad Hasan Shanehsazzadeh,10,2,20,low,repeated_attacks_ge_5,0,0,False,False,,
AS3484,,,10,2,20,low,repeated_attacks_ge_5,0,0,False,False,,
AS38623,,,10,2,20,low,repeated_attacks_ge_5,0,0,False,False,,
AS5483,MAGYAR-TELEKOM-MAIN-AS,AS5483-MNT,10,2,20,low,repeated_attacks_ge_5,0,0,False,False,,
AS56048,CMNET-BEIJING-AP,Jinxia Sun,10,2,20,low,repeated_attacks_ge_5,0,0,False,False,,
AS6848,TELENET-AS,AS6848-MNT,10,2,20,low,repeated_attacks_ge_5,0,0,False,False,,
AS7562,,,10,2,20,low,repeated_attacks_ge_5,0,0,False,False,,
AS7602,SPT-AS-VN,IRT-VNNIC-AP,10,2,20,low,repeated_attacks_ge_2;repeated_attacks_ge_5,0,0,False,False,,
AS9269,HKBN-AS-AP,HKBN Hostmaster,10,2,20,low,repeated_attacks_ge_5,0,0,False,False,,
AS34984,TELLCOM-AS,MNT-TELLCOM,9,2,20,low,repeated_attacks_ge_5,0,0,False,False,,
AS35586,VOM,Datsyshyn Valentin,9,2,20,low,repeated_attacks_ge_2;repeated_attacks_ge_5,0,0,False,False,,
AS51784,X-CITY-AS,"""X-City"" Ltd.",9,2,20,low,repeated_attacks_ge_2;repeated_attacks_ge_5,0,0,False,False,,
AS52573,ASN52573,Une Telecom Ltda,9,1,20,low,repeated_attacks_ge_5,0,0,False,False,,
AS9927,PHILCOMNET-PH,Joseph Bautista,9,1,20,low,repeated_attacks_ge_5,0,0,False,False,,
AS213230,HETZNER-CLOUD2-AS,Hetzner Online GmbH - Contact Role,8,2,20,low,repeated_attacks_ge_2;repeated_attacks_ge_5,0,0,False,False,,
AS11556,11556,Cable & Wireless Panama,8,1,20,low,repeated_attacks_ge_5,0,0,False,False,,
AS12353,,,8,1,20,low,repeated_attacks_ge_5,0,0,False,False,,
AS13118,ASN-YARTELECOM,Alexandr A Verbetsky,8,1,20,low,repeated_attacks_ge_5,0,0,False,False,,
AS132386,USMANISP-AS-AP,Usman Internet Service Provider Private Limited ad,8,1,20,low,repeated_attacks_ge_5,0,0,False,False,,
AS140006,IDNIC-RSKARIADI-AS-ID,IRT-RSKARIADI-ID,8,1,20,low,repeated_attacks_ge_5,0,0,False,False,,
AS16285,ASN-UMN,Joint Stock Company TransTeleCom,8,1,20,low,repeated_attacks_ge_5,0,0,False,False,,
AS17638,,,8,1,20,low,repeated_attacks_ge_5,0,0,False,False,,
AS198757,,,8,1,20,low,repeated_attacks_ge_5,0,0,False,False,,
AS199730,MSTELECOM-AS,Kirill Shmakov,8,1,20,low,repeated_attacks_ge_5,0,0,False,False,,
AS209657,APELSIN-AS,MNT-APELSIN,8,1,20,low,repeated_attacks_ge_5,0,0,False,False,,
AS21928,T-MOBILE-AS21928,"T-Mobile USA, Inc.",8,1,20,low,repeated_attacks_ge_5,0,0,False,False,,
AS24685,DOMONET,NOC,8,1,20,low,repeated_attacks_ge_5,0,0,False,False,,
AS262374,,,8,1,20,low,repeated_attacks_ge_5,0,0,False,False,,
AS262907,ASN262907,BRASIL TECPAR | AMIGO | AVATO,8,1,20,low,repeated_attacks_ge_5,0,0,False,False,,
AS263077,ASN263077,RazaoInfo Internet Ltda,8,1,20,low,repeated_attacks_ge_5,0,0,False,False,,
AS263582,,,8,1,20,low,repeated_attacks_ge_5,0,0,False,False,,
AS264069,ASN264069,CONECTTIVA TELECOM LTDA.,8,1,20,low,repeated_attacks_ge_5,0,0,False,False,,
AS264732,264732,NETLATIN S.R.L.,8,1,20,low,repeated_attacks_ge_5,0,0,False,False,,
AS265936,ASN265936,TURBONET CE,8,1,20,low,repeated_attacks_ge_5,0,0,False,False,,
AS267328,,,8,1,20,low,repeated_attacks_ge_5,0,0,False,False,,
AS267375,ASN267375,CAJU TELECOM SOLUCOES LTDA,8,1,20,low,repeated_attacks_ge_5,0,0,False,False,,
AS268314,,,8,1,20,low,repeated_attacks_ge_5,0,0,False,False,,
AS269348,,,8,1,20,low,repeated_attacks_ge_5,0,0,False,False,,
AS270049,,,8,1,20,low,repeated_attacks_ge_5,0,0,False,False,,
AS270795,,,8,1,20,low,repeated_attacks_ge_5,0,0,False,False,,
AS272090,272090,ALDERETE RIVAS JORDAN TOMAS SEBASTIAN (COMUNICATE INTERNET),8,1,20,low,repeated_attacks_ge_5,0,0,False,False,,
AS272928,,,8,1,20,low,repeated_attacks_ge_5,0,0,False,False,,
AS273067,,,8,1,20,low,repeated_attacks_ge_5,0,0,False,False,,
AS27773,27773,MILLICOM CABLE EL SALVADOR S.A. DE C.V.,8,1,20,low,repeated_attacks_ge_5,0,0,False,False,,
AS29695,Altibox_AS,LYSE-MNT,8,1,20,low,repeated_attacks_ge_5,0,0,False,False,,
AS34296,,,8,1,20,low,repeated_attacks_ge_5,0,0,False,False,,
AS34757,,,8,1,20,low,repeated_attacks_ge_5,0,0,False,False,,
AS37230,ORG-SL76-AFRINIC,Austin Uwudia,8,1,20,low,repeated_attacks_ge_5,0,0,False,False,,
AS37671,,,8,1,20,low,repeated_attacks_ge_5,0,0,False,False,,
AS4007,SUBISU-CABLENET-AS-AP,SUBISU APNIC Admin,8,1,20,low,repeated_attacks_ge_5,0,0,False,False,,
AS42489,,,8,1,20,low,repeated_attacks_ge_5,0,0,False,False,,
AS43274,,,8,1,20,low,repeated_attacks_ge_5,0,0,False,False,,
AS46023,,,8,1,20,low,repeated_attacks_ge_5,0,0,False,False,,
AS47418,,,8,1,20,low,repeated_attacks_ge_5,0,0,False,False,,
AS48323,NEIRONSYSTEMS-NET,Dudnik Liliya,8,1,20,low,repeated_attacks_ge_5,0,0,False,False,,
AS48327,,,8,1,20,low,repeated_attacks_ge_5,0,0,False,False,,
AS50553,,,8,1,20,low,repeated_attacks_ge_5,0,0,False,False,,
AS51812,,,8,1,20,low,repeated_attacks_ge_5,0,0,False,False,,
AS52751,,,8,1,20,low,repeated_attacks_ge_5,0,0,False,False,,
AS53065,ASN53065,Opcao Telecom,8,1,20,low,repeated_attacks_ge_5,0,0,False,False,,
AS61583,,,8,1,20,low,repeated_attacks_ge_5,0,0,False,False,,
AS61986,NETZAHID-AS,IFINFOCOM-MNT,8,1,20,low,repeated_attacks_ge_5,0,0,False,False,,
AS64131,64131,GLOBALCONNECT SPA,8,1,20,low,repeated_attacks_ge_5,0,0,False,False,,
AS11260,,,7,1,20,low,repeated_attacks_ge_5,0,0,False,False,,
AS149089,CLOUDFLY-VN,IRT-VNNIC-AP,7,1,20,low,repeated_attacks_ge_5,0,0,False,False,,
AS150895,,,7,1,20,low,repeated_attacks_ge_5,0,0,False,False,,
AS15796,SALT-CH,Kieran Lismore,7,1,20,low,repeated_attacks_ge_5,0,0,False,False,,
AS16039,KNET,AS16039-MNT,7,1,20,low,repeated_attacks_ge_5,0,0,False,False,,
AS16342,TOYA,Toya sp.z.o.o,7,1,20,low,repeated_attacks_ge_5,0,0,False,False,,
AS19429,19429,ETB - Colombia,7,1,20,low,repeated_attacks_ge_5,0,0,False,False,,
AS197015,DOMINION-AS,AANTIPOV-MNT,7,1,20,low,repeated_attacks_ge_5,0,0,False,False,,
AS199995,OT-AS,OMEGAT-MNT,7,1,20,low,repeated_attacks_ge_5,0,0,False,False,,
AS201302,,,7,1,20,low,repeated_attacks_ge_5,0,0,False,False,,
AS203214,HulumTele,Ammar Saleh,7,1,20,low,repeated_attacks_ge_5,0,0,False,False,,
AS203451,,,7,1,20,low,repeated_attacks_ge_5,0,0,False,False,,
AS20485,TRANSTELECOM,TTC NOC,7,1,20,low,repeated_attacks_ge_5,0,0,False,False,,
AS20598,,,7,1,20,low,repeated_attacks_ge_5,0,0,False,False,,
AS211291,Tulun-TeleCom-AS,Ashheulov Nikolaj Olegovich,7,1,20,low,repeated_attacks_ge_5,0,0,False,False,,
AS21228,Vinasterisk-as,lir-ua-vinasterisk-1-MNT,7,1,20,low,repeated_attacks_ge_5,0,0,False,False,,
AS214210,ELEMENT,LEVEL-MSK-MNT,7,1,20,low,repeated_attacks_ge_5,0,0,False,False,,
AS215633,,,7,1,20,low,repeated_attacks_ge_5,0,0,False,False,,
AS215765,RADIO-LINK-SMART,Oleksii Chernyk,7,1,20,low,repeated_attacks_ge_5,0,0,False,False,,
AS22689,ASN22689,SERCOMTEL S/A TELECOMUNICACOES,7,1,20,low,repeated_attacks_ge_5,0,0,False,False,,
AS25198,ZetServers,NETACTION-MNT,7,1,20,low,repeated_attacks_ge_5,0,0,False,False,,
AS25437,ALCOM-AS,Alexander Osipenko,7,1,20,low,repeated_attacks_ge_5,0,0,False,False,,
AS262517,ASN262517,NIQTURBO PIMENTEL E MOREIRA LTDA,7,1,20,low,repeated_attacks_ge_5,0,0,False,False,,
AS262893,ASN262893,P4 TELECOM LTDA,7,1,20,low,repeated_attacks_ge_5,0,0,False,False,,
AS263194,263194,Advantun SRL,7,1,20,low,repeated_attacks_ge_5,0,0,False,False,,
AS263393,,,7,1,20,low,repeated_attacks_ge_5,0,0,False,False,,
AS263573,ASN263573,HYPER NET TELECOMUNICACOES LTDA ME,7,1,20,low,repeated_attacks_ge_5,0,0,False,False,,
AS263766,,,7,1,20,low,repeated_attacks_ge_5,0,0,False,False,,
AS264562,,,7,1,20,low,repeated_attacks_ge_5,0,0,False,False,,
AS264702,,,7,1,20,low,repeated_attacks_ge_5,0,0,False,False,,
AS265083,,,7,1,20,low,repeated_attacks_ge_5,0,0,False,False,,
AS265359,ASN265359,gotcha net internet provider,7,1,20,low,repeated_attacks_ge_5,0,0,False,False,,
AS266346,ASN266346,G2G NETWORKS SERVICOS DE COMUNICACAO,7,1,20,low,repeated_attacks_ge_5,0,0,False,False,,
AS266434,ASN266434,MASTER DATA TELECOMUNICACOES LTDA - ME,7,1,20,low,repeated_attacks_ge_5,0,0,False,False,,
AS267824,,,7,1,20,low,repeated_attacks_ge_5,0,0,False,False,,
AS268218,ASN268218,COPREL TELECOM LTDA,7,1,20,low,repeated_attacks_ge_5,0,0,False,False,,
AS268893,,,7,1,20,low,repeated_attacks_ge_5,0,0,False,False,,
AS270814,,,7,1,20,low,repeated_attacks_ge_5,0,0,False,False,,
AS271071,ASN271071,NAVEGAI SERVICOS DE TELECOMUNICACOES E INFORMATICA,7,1,20,low,repeated_attacks_ge_5,0,0,False,False,,
AS271158,ASN271158,Link Dedicado Fibra Optica Tv e Telefonia Ip LTDA,7,1,20,low,repeated_attacks_ge_5,0,0,False,False,,
AS271587,,,7,1,20,low,repeated_attacks_ge_5,0,0,False,False,,
AS273116,273116,TORRES SERGIO HERNAN (ITEQ INTERNET),7,1,20,low,repeated_attacks_ge_5,0,0,False,False,,
AS27887,27887,WIND Telecom S.A.,7,1,20,low,repeated_attacks_ge_5,0,0,False,False,,
AS28114,28114,Alpha Tel S.A.,7,1,20,low,repeated_attacks_ge_5,0,0,False,False,,
AS31149,ExpressNikopol-as,ExpressNikopol-MNT,7,1,20,low,repeated_attacks_ge_5,0,0,False,False,,
AS31685,TIM-AS,Alexander V. Kubrack,7,1,20,low,repeated_attacks_ge_5,0,0,False,False,,
AS329058,ORG-ICL7-AFRINIC,Kabous Boshoff,7,1,20,low,repeated_attacks_ge_5,0,0,False,False,,
AS35319,as35319,ALTAIR-MEGA-MNT,7,1,20,low,repeated_attacks_ge_5,0,0,False,False,,
AS39399,FENIXVT-AS,Mr. Dmytro Sharaburiak,7,1,20,low,repeated_attacks_ge_5,0,0,False,False,,
AS41925,IZET-Chelyabinsk,FACTORIAL-MNT,7,1,20,low,repeated_attacks_ge_5,0,0,False,False,,
AS44019,,,7,1,20,low,repeated_attacks_ge_5,0,0,False,False,,
AS44482,ZURB-AS,Alexander Roshkovan,7,1,20,low,repeated_attacks_ge_5,0,0,False,False,,
AS47165,,,7,1,20,low,repeated_attacks_ge_5,0,0,False,False,,
AS47235,,,7,1,20,low,repeated_attacks_ge_5,0,0,False,False,,
AS47361,SYSDESIGN-NET-AS,AS15497-MNT,7,1,20,low,repeated_attacks_ge_5,0,0,False,False,,
AS48897,,,7,1,20,low,repeated_attacks_ge_5,0,0,False,False,,
AS49434,,,7,1,20,low,repeated_attacks_ge_5,0,0,False,False,,
AS49588,,,7,1,20,low,repeated_attacks_ge_5,0,0,False,False,,
AS49811,UZLOVAYA-NET,MNT-UZLOVAYA,7,1,20,low,repeated_attacks_ge_5,0,0,False,False,,
AS49863,LITE-TELECOM-AS,LITETELECOM-MNT,7,1,20,low,repeated_attacks_ge_5,0,0,False,False,,
AS52505,,,7,1,20,low,repeated_attacks_ge_5,0,0,False,False,,
AS52651,,,7,1,20,low,repeated_attacks_ge_5,0,0,False,False,,
AS52709,,,7,1,20,low,repeated_attacks_ge_5,0,0,False,False,,
AS53066,ASN53066,VETORIALNET INF. E SERVIÇOS DE INTERNET LTDA,7,1,20,low,repeated_attacks_ge_5,0,0,False,False,,
AS57354,SYSTEMA-AS,Khalbad Dmitry,7,1,20,low,repeated_attacks_ge_5,0,0,False,False,,
AS57982,AMIK-AS,AMIK-MNT,7,1,20,low,repeated_attacks_ge_5,0,0,False,False,,
AS59508,kl-net,kl-net-mnt,7,1,20,low,repeated_attacks_ge_5,0,0,False,False,,
AS59577,,,7,1,20,low,repeated_attacks_ge_5,0,0,False,False,,
AS61923,ASN61923,SUNWAY TELECOM LTDA,7,1,20,low,repeated_attacks_ge_5,0,0,False,False,,
AS8402,,,7,1,20,low,repeated_attacks_ge_5,0,0,False,False,,
AS8764,,,7,1,20,low,repeated_attacks_ge_5,0,0,False,False,,
AS9534,MAXIS-AS1-AP,Maxis Broadband Sdn Bhd,7,1,20,low,repeated_attacks_ge_5,0,0,False,False,,
AS141718,,,6,2,20,low,repeated_attacks_ge_5,0,0,False,False,,
AS12334,,,6,1,20,low,repeated_attacks_ge_5,0,0,False,False,,
AS132883,,,6,1,20,low,repeated_attacks_ge_5,0,0,False,False,,
AS134763,CT-DongGuan-IDC,Chinanet Hostmaster,6,1,20,low,repeated_attacks_ge_5,0,0,False,False,,
AS136188,CHINATELECOM-ZHEJIANG-NINGBO-IDC,Chinanet Hostmaster,6,1,20,low,repeated_attacks_ge_5,0,0,False,False,,
AS146966,CHINANET-YANGZHOUNORTH-IDC,China Telecom,6,1,20,low,repeated_attacks_ge_5,0,0,False,False,,
AS153995,TOWNLINK-AS-AP,IRT-TOWNLINK-HK,6,1,20,low,repeated_attacks_ge_5,0,0,False,False,,
AS17622,,,6,1,20,low,repeated_attacks_ge_5,0,0,False,False,,
AS20294,,,6,1,20,low,repeated_attacks_ge_5,0,0,False,False,,
AS209101,,,6,1,20,low,repeated_attacks_ge_5,0,0,False,False,,
AS215778,,,6,1,20,low,repeated_attacks_ge_5,0,0,False,False,,
AS25521,,,6,1,20,low,repeated_attacks_ge_5,0,0,False,False,,
AS266539,,,6,1,20,low,repeated_attacks_ge_5,0,0,False,False,,
AS267503,ASN267503,RCM BRASIL MULTIMIDIA LTDA,6,1,20,low,repeated_attacks_ge_5,0,0,False,False,,
AS37148,ORG-GL1-AFRINIC,FABIAN IGBOKWE,6,1,20,low,repeated_attacks_ge_5,0,0,False,False,,
AS3786,,,6,1,20,low,repeated_attacks_ge_5,0,0,False,False,,
AS45753,NETSEC-HK,IRT-NETSEC-HK,6,1,20,low,repeated_attacks_ge_5,0,0,False,False,,
AS48753,AVAHOHST,mnt-md-alexhost-1,6,1,20,low,repeated_attacks_ge_5,0,0,False,False,,
AS54290,,,6,1,20,low,repeated_attacks_ge_5,0,0,False,False,,
AS55693,,,6,1,20,low,repeated_attacks_ge_5,0,0,False,False,,
AS56207,,,6,1,20,low,repeated_attacks_ge_5,0,0,False,False,,
AS58466,CT-Guangzhou-IDC,Chinanet Hostmaster,6,1,20,low,repeated_attacks_ge_5,0,0,False,False,,
AS8393,,,6,1,20,low,repeated_attacks_ge_5,0,0,False,False,,
AS8708,DIGI-RO,AS8708-MNT,6,1,20,low,repeated_attacks_ge_5,0,0,False,False,,
AS9051,,,6,1,20,low,repeated_attacks_ge_5,0,0,False,False,,
AS9122,,,6,1,20,low,repeated_attacks_ge_5,0,0,False,False,,
AS9891,CSLOX-IDC-AS-AP,IRT-CSLOXINFO-TH,6,1,20,low,repeated_attacks_ge_5,0,0,False,False,,
AS10474,,,5,1,20,low,repeated_attacks_ge_5,0,0,False,False,,
AS11014,11014,CPS,5,1,20,low,repeated_attacks_ge_5,0,0,False,False,,
AS11878,,,5,1,20,low,repeated_attacks_ge_5,0,0,False,False,,
AS11921,ASN11921,SECRELNET INFORMATICA LTDA,5,1,20,low,repeated_attacks_ge_5,0,0,False,False,,
AS1221,,,5,1,20,low,repeated_attacks_ge_5,0,0,False,False,,
AS12297,,,5,1,20,low,repeated_attacks_ge_5,0,0,False,False,,
AS12400,PARTNER-AS,AS12400-MNT,5,1,20,low,repeated_attacks_ge_5,0,0,False,False,,
AS131215,SANCHARONLINE-IN,SANCHAR TELENETWORK PVTLTD - network administrat,5,1,20,low,repeated_attacks_ge_5,0,0,False,False,,
AS131596,,,5,1,20,low,repeated_attacks_ge_5,0,0,False,False,,
AS131627,,,5,1,20,low,repeated_attacks_ge_5,0,0,False,False,,
AS13188,TRIOLAN,CONTENT DELIVERY NETWORK LTD,5,1,20,low,repeated_attacks_ge_5,0,0,False,False,,
AS13194,BITE,BITE-NOC,5,1,20,low,repeated_attacks_ge_5,0,0,False,False,,
AS133385,ATOMMYANMAR-AS-AP,IRT-ATOMMYANMAR-MM,5,1,20,low,repeated_attacks_ge_5,0,0,False,False,,
AS134026,ULTRANET-AS,umesh yadav,5,1,20,low,repeated_attacks_ge_5,0,0,False,False,,
AS136558,MUXTECHNOLOGIES-AS-AP,MUX TECHNOLOGIES,5,1,20,low,repeated_attacks_ge_5,0,0,False,False,,
AS137690,CHINATELECOM-SHANDONG-ZAOZHUANG-IDC,Chinanet Hostmaster,5,1,20,low,repeated_attacks_ge_5,0,0,False,False,,
AS138115,,,5,1,20,low,repeated_attacks_ge_5,0,0,False,False,,
AS140308,CHINATELECOM-GUANGDONG-ZHUHAI-5G-NETWORK,Chinanet Hostmaster,5,1,20,low,repeated_attacks_ge_5,0,0,False,False,,
AS14117,14117,Telefonica del Sur S.A.,5,1,20,low,repeated_attacks_ge_5,0,0,False,False,,
AS142319,IDNIC-VIBERLINK-AS-ID,Nendi Purnomo,5,1,20,low,repeated_attacks_ge_5,0,0,False,False,,
AS147302,,,5,1,20,low,repeated_attacks_ge_5,0,0,False,False,,
AS152440,IDNIC-ASHYLANET-AS-ID,IRT-ASHYLA-ID,5,1,20,low,repeated_attacks_ge_5,0,0,False,False,,
AS152605,ZCOMNETWORKS-AS-AP,IRT-ZCOMNETWORKS-PK,5,1,20,low,repeated_attacks_ge_5,0,0,False,False,,
AS15704,,,5,1,20,low,repeated_attacks_ge_5,0,0,False,False,,
AS15774,TTK-RTL,"Limited Liability Company ""TTK-Svyaz""",5,1,20,low,repeated_attacks_ge_5,0,0,False,False,,
AS16010,MagticomAS,Magticom NOC,5,1,20,low,repeated_attacks_ge_5,0,0,False,False,,
AS16135,TURKCELL-AS,TURKCELL ILETISIM HIZMETLERI A.S.,5,1,20,low,repeated_attacks_ge_5,0,0,False,False,,
AS17483,,,5,1,20,low,repeated_attacks_ge_5,0,0,False,False,,
AS17501,,,5,1,20,low,repeated_attacks_ge_5,0,0,False,False,,
AS17552,TRUEONLINE-AS-AP,TRUE INTERNET CORPORATION CO. LTD.,5,1,20,low,repeated_attacks_ge_5,0,0,False,False,,
AS17676,,,5,1,20,low,repeated_attacks_ge_5,0,0,False,False,,
AS17849,,,5,1,20,low,repeated_attacks_ge_5,0,0,False,False,,
AS18182,,,5,1,20,low,repeated_attacks_ge_5,0,0,False,False,,
AS18283,,,5,1,20,low,repeated_attacks_ge_5,0,0,False,False,,
AS18678,,,5,1,20,low,repeated_attacks_ge_5,0,0,False,False,,
AS18747,IFX18747,IFX Corporation,5,1,20,low,repeated_attacks_ge_5,0,0,False,False,,
AS197144,,,5,1,20,low,repeated_attacks_ge_5,0,0,False,False,,
AS197960,MEGANET,Gontar Vasiliy Gennadievich NOC,5,1,20,low,repeated_attacks_ge_5,0,0,False,False,,
AS199536,TECHDIGITAL-AS,ANGELASTRI GIUSEPPE,5,1,20,low,repeated_attacks_ge_5,0,0,False,False,,
AS200446,,,5,1,20,low,repeated_attacks_ge_5,0,0,False,False,,
AS200814,,,5,1,20,low,repeated_attacks_ge_5,0,0,False,False,,
AS201249,,,5,1,20,low,repeated_attacks_ge_5,0,0,False,False,,
AS202074,LINKTELCO-ASN,Francesco Rende,5,1,20,low,repeated_attacks_ge_5,0,0,False,False,,
AS202538,ATV-PLUS,Bulat Oleksandr,5,1,20,low,repeated_attacks_ge_5,0,0,False,False,,
AS205318,,,5,1,20,low,repeated_attacks_ge_5,0,0,False,False,,
AS206065,FDI,Technical Administration,5,1,20,low,repeated_attacks_ge_5,0,0,False,False,,
AS208139,AVATOR,FOP Avator Myhaylo Mykolayovych,5,1,20,low,repeated_attacks_ge_5,0,0,False,False,,
AS208397,,,5,1,20,low,repeated_attacks_ge_5,0,0,False,False,,
AS20910,BALTKOM-AS,BITE Latvija,5,1,20,low,repeated_attacks_ge_5,0,0,False,False,,
AS210218,OpenFiber-Italy,Giampietro Di Pasquale,5,1,20,low,repeated_attacks_ge_5,0,0,False,False,,
AS210278,SKYIT-BB,it-sky-1-mnt,5,1,20,low,repeated_attacks_ge_5,0,0,False,False,,
AS211250,,,5,1,20,low,repeated_attacks_ge_5,0,0,False,False,,
AS211356,mytvalb,CEO,5,1,20,low,repeated_attacks_ge_5,0,0,False,False,,
AS211608,TOTALNET-AS,Totalnet LLC,5,1,20,low,repeated_attacks_ge_5,0,0,False,False,,
AS211621,,,5,1,20,low,repeated_attacks_ge_5,0,0,False,False,,
AS21310,,,5,1,20,low,repeated_attacks_ge_5,0,0,False,False,,
AS21497,,,5,1,20,low,repeated_attacks_ge_5,0,0,False,False,,
AS23674,NAYATEL-PK,Nayatel Pvt Ltd administrator,5,1,20,low,repeated_attacks_ge_5,0,0,False,False,,
AS23944,SKYBB-AS-AP,Sky Cable Corporation,5,1,20,low,repeated_attacks_ge_5,0,0,False,False,,
AS23966,,,5,1,20,low,repeated_attacks_ge_5,0,0,False,False,,
AS24139,,,5,1,20,low,repeated_attacks_ge_5,0,0,False,False,,
AS24608,WINDTRE-AS,WINDTRE s.p.a,5,1,20,low,repeated_attacks_ge_5,0,0,False,False,,
AS24881,,,5,1,20,low,repeated_attacks_ge_5,0,0,False,False,,
AS2519,,,5,1,20,low,repeated_attacks_ge_5,0,0,False,False,,
AS262285,,,5,1,20,low,repeated_attacks_ge_5,0,0,False,False,,
AS262288,,,5,1,20,low,repeated_attacks_ge_5,0,0,False,False,,
AS262469,,,5,1,20,low,repeated_attacks_ge_5,0,0,False,False,,
AS262560,ASN262560,LONDRES & VELOSO INFORMATICA LTDA,5,1,20,low,repeated_attacks_ge_5,0,0,False,False,,
AS263152,,,5,1,20,low,repeated_attacks_ge_5,0,0,False,False,,
AS263411,,,5,1,20,low,repeated_attacks_ge_5,0,0,False,False,,
AS263703,,,5,1,20,low,repeated_attacks_ge_5,0,0,False,False,,
AS263767,,,5,1,20,low,repeated_attacks_ge_5,0,0,False,False,,
AS263801,263801,LINKEAR SRL,5,1,20,low,repeated_attacks_ge_5,0,0,False,False,,
AS264076,,,5,1,20,low,repeated_attacks_ge_5,0,0,False,False,,
AS264521,,,5,1,20,low,repeated_attacks_ge_5,0,0,False,False,,
AS264533,ASN264533,ROBERTA CARDOSO JAHEL - ME,5,1,20,low,repeated_attacks_ge_5,0,0,False,False,,
AS265046,,,5,1,20,low,repeated_attacks_ge_5,0,0,False,False,,
AS265087,,,5,1,20,low,repeated_attacks_ge_5,0,0,False,False,,
AS265291,ASN265291,MP NET,5,1,20,low,repeated_attacks_ge_5,0,0,False,False,,
AS265385,,,5,1,20,low,repeated_attacks_ge_5,0,0,False,False,,
AS265432,ASN265432,Opty Internet Ltda,5,1,20,low,repeated_attacks_ge_5,0,0,False,False,,
AS266176,ASN266176,Lidercom Provedor de Internet Eireli,5,1,20,low,repeated_attacks_ge_5,0,0,False,False,,
AS266870,266870,SERVICIO DE TELECOMUNICACIONES VEMOS MAS LTDA.,5,1,20,low,repeated_attacks_ge_5,0,0,False,False,,
AS267222,,,5,1,20,low,repeated_attacks_ge_5,0,0,False,False,,
AS267470,ASN267470,CX Pro,5,1,20,low,repeated_attacks_ge_5,0,0,False,False,,
AS267684,,,5,1,20,low,repeated_attacks_ge_5,0,0,False,False,,
AS268159,ASN268159,CD TELECOMUNICACOES LTDA,5,1,20,low,repeated_attacks_ge_5,0,0,False,False,,
AS268267,ASN268267,INFONET TELECOMUNICACOES LTDA,5,1,20,low,repeated_attacks_ge_5,0,0,False,False,,
AS268438,ASN268438,ELADIO FERREIRA DOS SANTOS NETO-ME,5,1,20,low,repeated_attacks_ge_5,0,0,False,False,,
AS268564,ASN268564,Virtex Telecom,5,1,20,low,repeated_attacks_ge_5,0,0,False,False,,
AS268884,ASN268884,LIKEE FIBRA LTDA,5,1,20,low,repeated_attacks_ge_5,0,0,False,False,,
AS268990,ASN268990,Inforfelixnet Telecomunicaçoes Ltda ME,5,1,20,low,repeated_attacks_ge_5,0,0,False,False,,
AS269246,ASN269246,VCONNECT TELECOM LTDA ME,5,1,20,low,repeated_attacks_ge_5,0,0,False,False,,
AS269316,ASN269316,ROBOT BEST NET TEC. E SERVICOS EIRELI,5,1,20,low,repeated_attacks_ge_5,0,0,False,False,,
AS269345,ASN269345,SPACY NET,5,1,20,low,repeated_attacks_ge_5,0,0,False,False,,
AS269823,,,5,1,20,low,repeated_attacks_ge_5,0,0,False,False,,
AS270533,ASN270533,INFORNET CONEXÃO,5,1,20,low,repeated_attacks_ge_5,0,0,False,False,,
AS270753,ASN270753,NAVEX INTERNET LTDA,5,1,20,low,repeated_attacks_ge_5,0,0,False,False,,
AS270865,ASN270865,PW FIBRA OPTICA,5,1,20,low,repeated_attacks_ge_5,0,0,False,False,,
AS270885,,,5,1,20,low,repeated_attacks_ge_5,0,0,False,False,,
AS271156,ASN271156,MEPLO EMPREENDIMENTOS TECNOLOGICOS LTDA,5,1,20,low,repeated_attacks_ge_5,0,0,False,False,,
AS271498,ASN271498,ZEN INTERNET E TELECOMUNICACAO EIRELI,5,1,20,low,repeated_attacks_ge_5,0,0,False,False,,
AS271724,,,5,1,20,low,repeated_attacks_ge_5,0,0,False,False,,
AS272436,ASN272436,TERCIO FELIPE LOURENCO PEREIRA,5,1,20,low,repeated_attacks_ge_5,0,0,False,False,,
AS272605,ASN272605,GRUPO ULTRA FIBRA,5,1,20,low,repeated_attacks_ge_5,0,0,False,False,,
AS273187,273187,FIESTA TELECOMUNICACIONES SAS,5,1,20,low,repeated_attacks_ge_5,0,0,False,False,,
AS274088,274088,SOCIAL NETWORKS S.R.L.,5,1,20,low,repeated_attacks_ge_5,0,0,False,False,,
AS27839,27839,Comteco Ltda,5,1,20,low,repeated_attacks_ge_5,0,0,False,False,,
AS28173,,,5,1,20,low,repeated_attacks_ge_5,0,0,False,False,,
AS29456,,,5,1,20,low,repeated_attacks_ge_5,0,0,False,False,,
AS29975,,,5,1,20,low,repeated_attacks_ge_5,0,0,False,False,,
AS30779,INETKR-AS,Dmitry S. Luhtionov,5,1,20,low,repeated_attacks_ge_5,0,0,False,False,,
AS31370,MOSLINE-AS,Alexey Pankratov,5,1,20,low,repeated_attacks_ge_5,0,0,False,False,,
AS3226,MARK-ITT-AS,Alexander Ermolaev,5,1,20,low,repeated_attacks_ge_5,0,0,False,False,,
AS32277,,,5,1,20,low,repeated_attacks_ge_5,0,0,False,False,,
AS327782,ORG-MN2-AFRINIC,Metro Fibre Networx (Pty) Ltd,5,1,20,low,repeated_attacks_ge_5,0,0,False,False,,
AS327813,,,5,1,20,low,repeated_attacks_ge_5,0,0,False,False,,
AS328178,,,5,1,20,low,repeated_attacks_ge_5,0,0,False,False,,
AS328480,ORG-TMW1-AFRINIC,Darren Gorton,5,1,20,low,repeated_attacks_ge_5,0,0,False,False,,
AS329535,ORG-OAL1-AFRINIC,JOSPHAT CHEGE,5,1,20,low,repeated_attacks_ge_5,0,0,False,False,,
AS3352,Telefonica_de_EspaNa,Administradores Telefonica de Espana,5,1,20,low,repeated_attacks_ge_5,0,0,False,False,,
AS33915,,,5,1,20,low,repeated_attacks_ge_5,0,0,False,False,,
AS34187,,,5,1,20,low,repeated_attacks_ge_5,0,0,False,False,,
AS35297,DATALINE-AS,Andrii Shevchuk,5,1,20,low,repeated_attacks_ge_5,0,0,False,False,,
AS37053,,,5,1,20,low,repeated_attacks_ge_5,0,0,False,False,,
AS37315,ORG-CA6-AFRINIC,Cipherwave,5,1,20,low,repeated_attacks_ge_5,0,0,False,False,,
AS37608,,,5,1,20,low,repeated_attacks_ge_5,0,0,False,False,,
AS38019,CMNET-V4TIANJIN-AS-AP,wei xi,5,1,20,low,repeated_attacks_ge_5,0,0,False,False,,
AS38255,FITI-AS-AP,IRT-CERNET-AP,5,1,20,low,repeated_attacks_ge_5,0,0,False,False,,
AS38680,,,5,1,20,low,repeated_attacks_ge_5,0,0,False,False,,
AS39421,SAPINET-AS,Sapinet SAS,5,1,20,low,repeated_attacks_ge_5,0,0,False,False,,
AS394695,,,5,1,20,low,repeated_attacks_ge_5,0,0,False,False,,
AS39822,FOBOS-AS,Andrew Philonenko,5,1,20,low,repeated_attacks_ge_5,0,0,False,False,,
AS41244,,,5,1,20,low,repeated_attacks_ge_5,0,0,False,False,,
AS41822,TNGS-NORTH-AS,Mobile TeleSystems PJSC Ural Branch,5,1,20,low,repeated_attacks_ge_5,0,0,False,False,,
AS42237,w1n,Anastasiia,5,1,20,low,repeated_attacks_ge_5,0,0,False,False,,
AS42714,,,5,1,20,low,repeated_attacks_ge_5,0,0,False,False,,
AS42837,extraline,Billing,5,1,20,low,repeated_attacks_ge_5,0,0,False,False,,
AS42991,HNET-AS,MNT-HNETFASTNET,5,1,20,low,repeated_attacks_ge_5,0,0,False,False,,
AS43258,CSO,Andry Sobol,5,1,20,low,repeated_attacks_ge_5,0,0,False,False,,
AS44265,,,5,1,20,low,repeated_attacks_ge_5,0,0,False,False,,
AS44391,,,5,1,20,low,repeated_attacks_ge_5,0,0,False,False,,
AS44572,PARMATEL-AS,Ilya N Arteev,5,1,20,low,repeated_attacks_ge_5,0,0,False,False,,
AS44894,UCMA-AS,Alexey F,5,1,20,low,repeated_attacks_ge_5,0,0,False,False,,
AS4515,,,5,1,20,low,repeated_attacks_ge_5,0,0,False,False,,
AS47193,,,5,1,20,low,repeated_attacks_ge_5,0,0,False,False,,
AS48078,DAGOMYS-AS,AZ2566-MNT,5,1,20,low,repeated_attacks_ge_5,0,0,False,False,,
AS49125,Uteam-as,Ivan Gural,5,1,20,low,repeated_attacks_ge_5,0,0,False,False,,
AS49889,,,5,1,20,low,repeated_attacks_ge_5,0,0,False,False,,
AS50025,NET-TELEVISION-AS,Net Television Ltd. NOC,5,1,20,low,repeated_attacks_ge_5,0,0,False,False,,
AS51590,ARONET-AS,ARONET ADMIN,5,1,20,low,repeated_attacks_ge_5,0,0,False,False,,
AS51645,,,5,1,20,low,repeated_attacks_ge_5,0,0,False,False,,
AS51742,ASNETLIFE,Yaroslav Molochko,5,1,20,low,repeated_attacks_ge_5,0,0,False,False,,
AS52103,Dobropolie-AS,DOBRONET-MNT,5,1,20,low,repeated_attacks_ge_5,0,0,False,False,,
AS52860,,,5,1,20,low,repeated_attacks_ge_5,0,0,False,False,,
AS52966,,,5,1,20,low,repeated_attacks_ge_5,0,0,False,False,,
AS53102,ASN53102,S.I. TELECOM. SERVICOS DE TELEFONIA LTDA EPP,5,1,20,low,repeated_attacks_ge_5,0,0,False,False,,
AS53222,ASN53222,Seanet Telecom Ltda,5,1,20,low,repeated_attacks_ge_5,0,0,False,False,,
AS55577,,,5,1,20,low,repeated_attacks_ge_5,0,0,False,False,,
AS55661,,,5,1,20,low,repeated_attacks_ge_5,0,0,False,False,,
AS55685,,,5,1,20,low,repeated_attacks_ge_5,0,0,False,False,,
AS55736,DataKnox-DNX,Husayn Aly,5,1,20,low,repeated_attacks_ge_5,0,0,False,False,,
AS55836,RELIANCEJIO-IN,IRT-RELIANCEJIO-IN,5,1,20,low,repeated_attacks_ge_5,0,0,False,False,,
AS56040,CMNET-GuangDong-AP,IRT-CHINAMOBILE-CN,5,1,20,low,repeated_attacks_ge_5,0,0,False,False,,
AS56041,CMNET-Zhejiang-AP,haijun li,5,1,20,low,repeated_attacks_ge_5,0,0,False,False,,
AS56042,,,5,1,20,low,repeated_attacks_ge_5,0,0,False,False,,
AS5617,,,5,1,20,low,repeated_attacks_ge_5,0,0,False,False,,
AS56400,,,5,1,20,low,repeated_attacks_ge_5,0,0,False,False,,
AS56420,RYAZAN-AS,Network Operation Center CJSC ER-Telecom Holding Ryazan' branch,5,1,20,low,repeated_attacks_ge_5,0,0,False,False,,
AS56568,XCOMMUNICATION-AS,MNT-XC,5,1,20,low,repeated_attacks_ge_5,0,0,False,False,,
AS56622,DVS-Sat,DVS-Sat LLC,5,1,20,low,repeated_attacks_ge_5,0,0,False,False,,
AS56639,LNET-COM-UA-AS,Lnet.com.ua NOC,5,1,20,low,repeated_attacks_ge_5,0,0,False,False,,
AS57043,,,5,1,20,low,repeated_attacks_ge_5,0,0,False,False,,
AS57250,RU-NET-AS,MNT-RU-NET,5,1,20,low,repeated_attacks_ge_5,0,0,False,False,,
AS57334,,,5,1,20,low,repeated_attacks_ge_5,0,0,False,False,,
AS57396,,,5,1,20,low,repeated_attacks_ge_5,0,0,False,False,,
AS57411,NOVOTEHNIKS-AS,IP-RIPE,5,1,20,low,repeated_attacks_ge_5,0,0,False,False,,
AS57534,ASAHMEDOV,Ahmedov Alil,5,1,20,low,repeated_attacks_ge_5,0,0,False,False,,
AS58952,,,5,1,20,low,repeated_attacks_ge_5,0,0,False,False,,
AS6855,SK-TELEKOM,"Slovak Telekom, a.s.",5,1,20,low,repeated_attacks_ge_5,0,0,False,False,,
AS7049,,,5,1,20,low,repeated_attacks_ge_5,0,0,False,False,,
AS7122,,,5,1,20,low,repeated_attacks_ge_5,0,0,False,False,,
AS9050,,,5,1,20,low,repeated_attacks_ge_5,0,0,False,False,,
AS9141,AS9141,P4 Sp. z o.o.,5,1,20,low,repeated_attacks_ge_5,0,0,False,False,,
AS9231,,,5,1,20,low,repeated_attacks_ge_5,0,0,False,False,,
AS9318,,,5,1,20,low,repeated_attacks_ge_5,0,0,False,False,,
AS9335,NTPCL-AS-AP,National Telecom Public Company Limited,5,1,20,low,repeated_attacks_ge_5,0,0,False,False,,
AS9381,HKBNES-AS-AP,HKBN Hostmaster,5,1,20,low,repeated_attacks_ge_5,0,0,False,False,,
AS9595,XEPHION,Japan Network Information Center,5,1,20,low,repeated_attacks_ge_5,0,0,False,False,,
AS9605,,,5,1,20,low,repeated_attacks_ge_5,0,0,False,False,,
AS9905,LINKNET-ID-AP,IRT-IDNIC-ID,5,1,20,low,repeated_attacks_ge_5,0,0,False,False,,
AS9976,ICNDP-AS-KR-KR,AS Manager,5,1,20,low,repeated_attacks_ge_5,0,0,False,False,,
AS9981,SAERONET-AS-KR-KR,AS Manager,5,1,20,low,repeated_attacks_ge_5,0,0,False,False,,
AS206092,,,4,1,10,low,repeated_attacks_ge_2,0,0,False,False,,
AS28065,,,4,1,10,low,repeated_attacks_ge_2,0,0,False,False,,
AS41564,AS41564,Mikael Bjorg,4,1,10,low,repeated_attacks_ge_2,0,0,False,False,,
AS63023,AS-GLOBALTELEHOST,GTHost,4,1,10,low,repeated_attacks_ge_2,0,0,False,False,,
AS64107,,,4,1,10,low,repeated_attacks_ge_2,0,0,False,False,,
AS201409,,,3,1,10,low,repeated_attacks_ge_2,0,0,False,False,,
AS216395,hostbet,Abuse contact role object,3,1,10,low,repeated_attacks_ge_2,0,0,False,False,,
AS400304,,,3,1,10,low,repeated_attacks_ge_2,0,0,False,False,,
AS17917,,,2,1,10,low,repeated_attacks_ge_2,0,0,False,False,,
AS198545,FLEXNETWORK-AS,Clement RIGUIDEL,2,1,10,low,repeated_attacks_ge_2,0,0,False,False,,
AS28209,ASN28209,Under Servicos de Internet Ltda,2,1,10,low,repeated_attacks_ge_2,0,0,False,False,,
AS213665,ParminCloud-IaaS,Info,1,1,0,low,,0,0,False,False,,
AS49531,,,1,1,0,low,,0,0,False,False,,
